2656.55,9814.42,2731.47,4652.47,1009.46,23838.33,3,25.5,2.7,663.52,11.78,18204.64,1.18,2.22,2.56,1912.14,4.66,568.3,20.16,10.12,2540.52,50.42,94.09,9.73,8.47,576.55,2095.69,1.84,3.1,7.41,519.17,733.28,2502.34,2.12,1294.24,88.66,4.65,12.42,3522.61,2885.56,26893.44,1914.17,485.35,492.68,832.21,3358.45,2837.33,1371.42,4882.11,452.13,954.03,3206.18,5540.83,5573.21,3045.69,2362.42,348.27,2326.14,4547.46,1499.36,1365.55,7407.76,742.92,1397.7,677.55,831.04,7392.86,911.79,4267.45,1315.61,9140.52,517.71,392.73,1134.16,3602.66,160.19,3320.3,2937.9,8200.27,18.89,6326.8,5723.7,4159.19,3.74,67.56,9.73,5.45,27.86,0.67,67.21,9.45,10.66,2.85,37.93,0.71,2.41,13.38,1339.66,2671.01,8868.23,3347.9,3099.47,17854.12,975.67,1237.2,3751.67,3415.21,15754.89,602.87,91.23,49.61,4.18,7477.85,540.34,2213.17,493.02,2845.27,4843.88,1.22,1138.54,6.14,19.83,1.52
299.59,27328.32,1170.92,6399.14,3.44,44.97,2.3,30.76,2.35,2.2,7.07,11272.16,0.71,1.01,2.3,6.32,2.71,1.89,3.64,500.81,8.1,152.58,528.85,4.98,4.77,8.4,24.78,1.51,2.23,3.71,1.71,9.39,93.55,1.95,8.74,7.42,3.24,3.5,35.05,32.16,87.17,6.77,1.61,1.64,2.75,101.18,20.38,4.54,15.37,1.5,199.36,21.08,18.41,18.35,34.82,7.8,1.16,70.36,15.15,8.68,4.59,61.03,32.32,10.1,2.35,2.76,24.51,3.03,14.33,4.92,213.3,11.91,2.64,330.78,164.7,0.53,10.24,8.72,577.29,11.82,20.57,101.74,118.22,2.57,3.16,6.48,1.58,5.67,0.65,68.09,8.02,6.36,2.6,14.71,0.79,2.23,5.11,4.45,8.67,29.36,10.91,10.28,1243.94,3.24,5.92,12.57,11.3,575.14,2,14.62,9,3.69,25.04,1.8,7.36,1.64,50.6,3600.47,1479.75,194.45,5.27,5.61,1.48
5.21,5248.87,36078.48,6312.56,372.76,12.81,1.17,132.75,5.34,1.12,22.4,9140.51,0.36,0.51,1.17,3.22,14.83,0.96,22.99,57.69,182.2,14.45,179.19,2.54,2.43,4.28,820.69,0.77,16.45,1.89,17.79,425.01,149.32,0.99,1157.05,3.78,1.65,1.78,945.01,197.39,225.93,7.49,0.82,0.83,23.78,466.21,661.86,4.28,558.25,6.12,156.01,1146.19,1638.56,1640.87,4102.55,1134.25,0.59,42.18,10.98,21.19,46.19,1631.94,5945.13,298.84,66.98,10.45,4107.46,1.64,661.21,17.86,14.78,2.78,0.66,104.68,459.79,0.27,5.22,5.72,113.85,9.76,224.17,3018.5,443.51,1.31,1.61,239.57,0.8,9.29,0.33,8.59,4.09,3.24,1.33,7.5,0.4,1.14,4.34,19.28,1959.63,499.72,67.69,1664.76,65642.71,181.42,307.36,146.75,955.69,18514.18,410.32,9.86,4.59,1.88,361.09,43.15,124.45,0.84,241.4,3106.27,536.68,468.44,2.69,2.86,0.75
38.02,1215.53,13891.48,26104.81,134.53,19.6,0,22.57,12.01,0,3.57,15820.82,0.67,1,2.33,0,0,17.38,2.04,8.87,12.85,0,53.1,5.07,1.87,0,89.85,1.53,2.27,6.36,5.33,104.75,13.36,1.93,42.34,7.6,3.27,3.53,1257.67,157.04,173.43,21.72,1.6,1.67,112.66,18.83,0.57,5.05,125.64,0,0,0,12.24,0,109.84,205.88,0,601.49,916.38,382.95,4.6,623.95,285.15,39.53,13.46,13.63,1641.88,186.75,105.86,21.64,0,0,0,0,3847.78,0.53,0,11.63,400.53,0,40.9,3210.7,848.36,2.6,3.2,6.6,1.6,5.8,0,57.56,0,0,2.6,0,0,2.27,2.13,3.78,25.43,25.19,11.13,145.01,16565.56,31.33,47.56,49.83,246.33,3077.67,238.77,34.92,9.2,0,4968.97,8.87,0,0,204.98,5142.6,385.13,1277.77,5.33,5.73,1.47
0,3.97,0,0,20743.84,11651.44,1640.46,537.2,700.6,1444.6,19.78,7018.15,240.49,73.8,17.9,2118.33,37.04,213.22,98.31,109.64,2487.3,130.08,19.21,1618.78,363.68,1321.27,6954.17,626.59,164.97,1137.31,2095.7,921.7,11559.28,147.79,2667.9,108.57,298.27,429,4181.55,15.9,5.71,1.38,5.52,53.33,88.4,11.77,3.84,1.46,2.05,0,0,0,287.3,0.1,687.16,104.84,0,0,0,0,0,25.22,0,0,0,0,0.12,0,7.89,0,208.67,0,0,0,0,37.8,416.52,1.36,84.91,690.18,0,107,0,183.07,232.13,522.34,112.47,417.29,0,0,0,0,185.4,0,0,158.87,175.67,0,15.5,0.97,5.57,2.62,46883.5,37.15,750.66,979.44,0,0.62,0,732.13,747.71,0,1.83,0.08,0,0,0.18,0,0,0,375.53,7.87,0
47.67,0.04,0.01,0.02,141.77,206138.63,1332.66,2343.3,2625.9,19.6,1790.76,93195.09,1086.28,1651.05,1365.3,147.09,1466.62,1339.24,1142.72,3533.52,376.69,1354.28,26917.84,3053.35,3253.1,6027.93,200.76,1509.94,1593.95,3904.2,56.5,211.31,62.78,1451.53,1.27,8406.89,2776.45,2411.19,6387.9,302.95,8551.66,16.77,3246.31,542.42,9.26,1542.96,0.01,0.01,173.89,0,0,0.01,10299.96,0.02,5613.54,1.37,647.27,1012.45,0.02,0.01,0.01,0.03,0,0.01,0,0,0.03,0,0.02,0.01,403.37,0,0,0,0.02,107.95,7.07,87.84,2992.89,0.01,11544.13,8661.89,7733.22,107.74,3160.87,6085.57,1426.24,7497.9,20,3044.39,258.44,359.54,2440.65,1316.46,125.8,1901.62,820.06,0.01,0.01,0.43,0.01,0.01,208.16,0,6.26,301.91,0.01,0.07,0,3954.68,2689.38,127.58,4373.96,1004.67,4113.68,916.47,5128.75,0.03,0,0,468.01,1381.1,884.02
0,1.86,0.17,2,45.13,29260.2,34793.24,3026.16,2577.95,438.41,238.86,5452.53,1787.28,13.01,145.72,3481.17,505.76,68.42,416.68,75.64,360.27,232.18,1306.26,13649.62,2164.49,1482.35,212.47,3488.43,2733.11,763.77,209.32,347.99,555.66,397.54,383.72,330.3,1077.91,152.39,1735.16,14.71,20.86,0,28.94,2.41,10.24,46.79,4.28,0,2.77,0,0,0,132.19,0,123.11,0.01,0,0,0,0,0,0,0,0,0,0,0,0,0,0,9.83,0,0,0,0,2,2.47,31.1,416.85,0,0,9.33,9.41,281.87,299.76,94.48,20.18,135.21,0.05,116.95,0.37,0,0,0,21.87,0,0,0,29.99,0.04,2.14,4.04,31363.38,3.2,133.22,100.65,0,0,0,30.43,0,0,0,0,0,2.37,0,0,0,0,0,0,0
0,0,0,0,1712.44,1250.71,105.84,34882.81,179.94,5087.69,281.18,12878.78,50.6,102.36,178.25,6105.22,61.28,43.97,4217.88,339.83,6376.93,117.11,0.57,547.45,2112.81,646.33,1528.3,38.07,79.48,72.15,3179.13,4919.85,9447.56,331.62,6295.44,1119.06,50.52,675.56,14176.98,11.72,4.97,3.8,18.63,12.36,28.6,5.75,0,0,4.28,0,0,0,105.37,2.04,2434.87,155.9,37.71,0,0,0,0,0,0,0,0,0,0,0,0.08,0,106.67,150.6,0,0,0,2.81,0,11.71,0,0.15,0,0,0,604.4,8807.67,2.08,1.1,492.17,0,3.2,0,544.13,31.8,0,0,0,0,0,14.8,0,1.05,0,51568.75,9.02,567.87,495.63,0,0.56,0,137.4,0,12.47,0,0,0.8,0,56.09,0,0,0,0,349.27,1.27
0,16.45,0,0,180.69,69184.36,10169.62,790.4,29778.08,134.57,4313.16,6524.99,3641.63,18.35,229.2,4231.36,7347.03,26.27,464.43,39.76,462.56,29.38,17.26,463.21,798.55,156.44,82.35,5705.81,1073.59,1157.64,100.82,56.2,144.94,179.87,178.61,222.61,6178.74,59.78,130.24,6.63,7.11,1.8,24.18,1.24,6759.82,114.71,0,0.14,4.61,0,0,0,9.38,0.16,46.5,5.67,3.86,0,0,0,0,0.51,0,0,0,3.87,0,0,0,0,0,0,0,0,0,12.78,6.88,23.14,20.97,7.54,0,28.05,5.63,0,0,6118.1,718.43,1086.59,63.93,0,0,632.53,50.4,0,35.93,4.37,0.04,0,2.25,10.55,0.18,0.79,20985.55,5.73,126.55,163.7,0,1.32,0,41.3,11.2,84.47,10.63,0,6.41,0,1.33,0,0,0,0,0.04,0
0,0,0,0,2940.81,13.69,70.23,1937.41,149.76,38304.44,1.27,1378.8,0,0,4.52,1486.85,10.01,7.64,208.09,2.49,154.93,61.71,0,6.17,188.12,9.32,1282.23,17.73,3.01,2.22,1637.41,659.34,5827.66,201.04,800.55,0.93,13.29,41.07,2209.48,1.95,2.39,3.65,3.66,3.78,0,2.47,0,0,3.99,0,0,0,117.43,0,1458.15,3.65,0,0,0,0,0,0.53,0,0,0,0,0,0,0,0,0,0,0,0,0,0,0,5.15,0,0,0,0,0,0,0,0,2.19,3.43,0,0,0,0,0,0,0,0,0,0,2,0,3.91,0,32082.68,5.97,101.56,32.8,0,0.29,0,0,0,0,0,0,0,0,0,0,0,0,0,0,105.33
4533.8,0.04,0,0,118.6,6623.34,565.39,291.85,413.05,29.8,17414.58,57247.08,80.1,1.75,79.76,367.43,1693.81,19.28,858.2,1087.71,211.05,2734.1,1053.16,981.88,118.86,66.15,127.65,363.38,67.06,76.91,64.82,147.07,1787.12,129.41,230.31,202.89,190.64,13,2702.44,47.63,73.76,14.78,90.73,7.43,52.72,163.54,16.31,2.29,16.15,0,0,0.75,10.43,3.15,284.87,142,3.86,0,0,0,0,2431.7,0,0.55,0.28,0,0,0,0,0,0,0,0,0,27.02,11.35,22.72,56.15,0.04,6.52,0,0,0.04,0,0,21.42,5.57,122.09,0,5.66,0.04,0.08,0,0.04,0.04,0,0,2.28,50.97,2.09,3.6,0.4,831.45,0,31.86,136.72,0,5473.35,61.6,0.04,0,0.12,0.24,0,0.04,0,0.2,0,2783.33,147.4,0,0,0
8349.74,62246.88,5807.29,9232.53,3038.77,121338.56,2414.75,6101.18,3155.51,3716.37,2033.43,1319471.54,94.68,62.33,5348.09,10140.49,2026.01,3114.49,6873.43,3848.45,4000.63,3428.24,3200.72,2351.69,5098.14,2941.62,5925.12,1073.01,2092.54,407.15,1616.16,1759.75,31964.83,1714.49,2793.64,643.24,4953.55,327.71,38443.74,7659.66,52470.83,3775.23,2930.19,1690.57,2438.26,6859.74,6861.85,2731.13,9264.72,886.9,1847.66,6142.87,1162.29,11081.17,3584.05,6132.24,102.21,3691.62,9093.04,2954.57,2645.56,14184.48,1536.18,2714.36,1313.36,1614.9,14847.37,1795.94,8398.75,3432.21,1478.85,1002.45,775.25,2000.37,7803.26,317.63,6329.41,5223.8,41008.71,7005.14,1414.84,4601.03,3682.63,308.82,1269.44,1194.36,83.59,2412.62,31.94,1595.33,458.2,243.35,211.69,631.35,30.31,86.78,93.7,2665.32,8248.92,17521.81,9866.25,6157.83,99404.44,1933.79,5127.39,10014.83,6674.31,30749.81,1183.67,1141.33,1178.97,204.21,10626.52,387.85,244.05,353.44,4473.22,16215.88,2053.19,2247.61,624.89,373.89,97.36
0,0,0,0,57.45,25314.03,252.38,208.93,468.93,5.34,36.58,1299.7,10947.29,34.68,6.03,364.1,5.81,19.76,58.73,4.73,171.73,41.65,18.08,142.87,29.74,5.13,89.9,1536.36,10.86,138.42,104.52,28.48,38.58,78.07,13.4,11.35,104.11,62.8,14.38,8.6,8.27,4.27,22.51,5.91,14.31,25.5,0,8.57,0,0,0,0,0.4,0,0,0.05,0,0,0,0,0,0,0,0,0,0,0,0,0,0,0,0,0,0,0,1.88,2.79,11.47,11.41,0,0,0,0,0,0,274.76,630.84,141.3,3.89,0,0,0,3.87,0,0,7.38,0,0,0,2.32,0,0,570.14,0,5,14.05,0,0,0,39.95,0,0,0,0,0,0,0,0,0,0,0,0,0
0,0,0,0,6.94,64685.46,23.31,3.03,45.41,348.32,25.48,2092.13,6.13,10196.18,9.97,47.4,11.95,3.03,62.92,6.44,70.81,4.13,26.16,2672.36,13.42,45.11,55.19,93.33,40.32,304.4,0.05,4,7.84,18.81,1.68,126.29,28.7,4629.8,13.47,5.56,7.38,11.24,14.67,0,232.94,6.71,0,0,3.95,0,0,0,0.93,0,0,0,0,0,0,0,0,0,0,0,0,1.94,0,0,0,0,0,0,0,0,0,0,3.88,9.96,1.94,0,0,1.93,0,0,0,23.69,103.52,24.79,3.87,0,0,0,0,0,0,0,0,0,0,0,0,0,261.91,0,25.5,25.1,0,0,0,0,0,0,0,0,0.53,0,0.73,0,0,0,0,0,0
0,2.3,0.3,0,913.96,2343.71,220.17,541.94,179.76,3531.78,147.26,4774.51,30.87,0.87,28492.27,10219.51,67.55,4697.99,636.11,234.19,742.75,18.63,18.58,2507.37,264.45,5.49,1886.39,0,428.65,19.65,588.13,345.26,1831.89,84.19,1318.46,4.85,3385.41,14.59,1439.56,386.22,24,7.71,562.74,4894.4,903.88,1055.29,3.61,2.76,345.46,2.04,0,5.78,16.31,0,2.08,95.47,0.36,0.74,3.64,4.36,0.1,20.67,0,0.82,5.8,5.94,1.7,0,0.45,1.78,0,0,0,0,0,132.67,33.07,129.79,27.57,12.49,0,1.73,0,296,0,136.58,191.89,1890.3,4.56,0,207.93,0,0,0,0,91.47,0,29.65,540.35,5.81,6.11,1.9,133911.4,4.16,2440,19767.46,0,0,0,1802.84,0,277,1.09,0,0,0,0.07,0,0,0,555.6,0,0
0,1.54,3.42,0,1091.21,503.09,595.09,1331.03,680.18,7697.75,11.51,6288.96,2.38,0,1002.48,33526.49,4.61,1030.55,901.89,48.66,1601.2,55.56,136.27,335.47,2224.98,40.28,5236.77,17.77,361.89,414.34,428.56,999.05,7382.49,63.03,1326.79,451.01,38.24,1.61,2626.82,21.1,13.85,0.21,116.27,357.02,6.69,69.54,0,0.1,8.17,0,0,0,19.54,8.51,166.14,2.26,0,0,0.51,0,0,0,0,0,2.95,0,0,0,0.05,0,439.07,0,0,0,2,1.06,1.1,15.79,950.93,0.17,1.74,10.42,0,0,0,22.14,6.76,19.53,2.03,219.9,0,0,0,0,0,0,0,5.92,43.16,2.3,2.78,5.52,131738.38,17.83,1882.3,3220.12,0.41,0.31,0.51,120.93,0,0,0.34,0,2.89,0,0.03,1.2,0,0,62,0,0
0,0,25.63,0,273.83,2299.8,227.54,1458.87,288.92,97.68,2206.64,8857.71,19.15,0.13,198.89,2276.14,9791.62,172.82,1560.01,547.75,381.54,3628.04,527.52,3008.58,688.22,910.22,294.78,4.26,139.57,56.42,41.51,349.02,644.12,2901.15,289.43,1602.13,442.26,72.89,5381.56,38.51,43,23.58,273.33,92.67,42.06,120.55,65.74,0,9.07,0,0,0,13.35,0,742.41,209.97,0,0,0,0,0.04,1.83,0,0,0,0,0.44,0,0,0,0,0,0,0,5.02,23.45,6.34,307.36,7.65,2.02,0,0,63.73,0,29.8,131.51,41.83,251.06,0,0,0.53,0,0.08,0.16,0,0,0,1.93,50.28,0,10.99,2.6,2537.82,9.52,112.86,400.17,0,0,0,0,0,0.33,438.44,0,0.26,0,0.74,0,0,0,0,0.41,0
0,1.91,0,0,684.79,209.27,25.44,884.04,103.77,3552.38,14.32,2353.98,0,0.25,1131.87,17759.86,17.43,12760,424.14,44.51,457.66,56.2,25.06,338.78,1565.07,24.48,1983.6,45.57,1453.66,335.37,222.14,577.45,1717.05,27.61,1056.78,106.41,241.31,8.18,994.36,11.26,13.16,9.02,152.57,173.06,362.9,23.76,3.16,0,29.13,0,0,0,11.15,0.05,5.45,7.17,0,0,0,0,0,3.24,0,0,0,0.35,0,0,0,0,0,0,0,0,0,67.99,8.74,29.6,10.8,513.93,0,1.74,0,0,0,87,25.28,40.41,0,0,1.79,0,0,0,0,0,0,0.35,0,1.14,5.4,0,32508.91,32.68,398.43,908.05,0,0,0,3.26,0,0,0,0,0.1,0,0,0,0,0,0,0,0
0,1.07,0.29,0,374.7,1199.75,113.86,1952.65,77.37,193.37,334.49,15985.25,0,0.64,83.56,659.76,501.37,12.3,24669.94,1013.38,1293.8,1350.1,1133.38,495.2,804.76,296.47,198.49,10.3,12.51,37.61,156.97,2151.83,3192.48,1549.58,350.51,640.23,65.29,18.03,9383.14,18.1,5.29,0.09,6.73,4.35,1.14,13.64,9.33,0,2.53,0,0,0.42,0.69,0.54,1339.76,50.71,0.45,0,0,0,0,0,0,0,0,0,0.34,0,0.22,0,0,0.1,0,0,0,0.86,5.1,17.87,15.33,0,0,0,0,0,0,13.16,1.68,22.15,0,0,0,0,0,0,0,0,0,3.93,7.8,6.77,3.38,0,11065.76,5.72,13.26,81.5,0,0.64,0,0,0,0,0,0.49,1.23,0,0,0.08,0,0,0,0.08,0
0,0,0,25.87,162.28,218.1,42.7,14.89,155.96,10.74,2294.15,4640.49,6.38,3.95,157.77,98.48,712.24,66.93,607.19,10579.73,38.24,336.92,5478.41,9500.11,78.48,203.14,92.35,5.48,160.55,83.25,496.36,132.29,52.2,208.46,82.51,661.49,572.16,182.4,280.5,109.38,23.25,25.09,156.22,50.36,33.75,261.16,5.69,0,4.82,0,0,0,10.75,0,99.11,109.26,0,6.87,0,0,0,0,0,0,0,0,0,0,0,0,1.86,0,0,0,34.13,33.79,15.98,120.55,1.82,10.23,0,52,0,0,0,69.67,53.18,314.66,0,0,0,0,0,0,0,0,0,0.29,78.78,0,1.28,0,341.03,38.73,83.19,319.66,0,0,0,44.84,0,0,0,0,0,0,0,0,180.07,0,0,0,0
0,0,0.27,0,236.82,6.33,11.85,1049.66,41.06,312.63,33.9,12100.46,0.39,0,33.24,207.07,19.38,7.52,879.45,157.67,13027.29,155.32,175.79,17.78,351.66,13.3,67.23,1.38,31.33,3.71,418.37,1386.06,1419.35,34.94,2706.96,2.21,22.8,0.05,5735.18,14.89,9.71,9.51,22.04,4.11,184.3,12.83,4.24,0,3.16,0,0,0,2.37,0.04,813.81,1.59,0,0,0,0.63,1.4,0.1,0.33,0,1.25,0,1.06,0,1.27,0,189.8,0,0,0,0,1.1,4.17,2,0.24,0.08,0,1.74,0,0,0,67.96,3.23,48.56,0,0,0.97,0,0,0,0,0,0,0.21,3.71,10.91,0,0,5281.12,0,12.33,290.26,0,0.63,0,0,0,0.17,1.05,0,1.52,0,2.63,0,0,0,0,0.08,0
0,1.28,0,0,107.44,2818.9,21.71,1289.09,272.79,24.81,678.16,5660.04,0.57,0,47.18,140.39,1400.02,18.56,1124.1,705.58,95.48,11761.34,70.86,32.05,112.92,248.37,11.01,0,27.45,20.44,118.62,390.98,1090.24,296.62,95.22,213.77,418.45,22.59,4111.88,7.4,20.91,17.05,25.84,11.86,6.63,79.09,3.33,1.48,6.03,0,0,0,0.24,0.2,1402.16,3.69,103.96,0,0,0.67,0,1.75,0,0,0,0,0,0,0,0,0,0,0,0,0,30.44,18.44,88.67,2.33,0.15,0,0,0,0,0,40.97,3.08,77.47,0,0,0.49,0,0,0,0,0,0.04,2.21,8.74,6.12,3.21,2.49,1867.82,0,13.01,76.45,0,0.22,0,0,0,0.04,0.33,0,0.08,0,0.2,26025.4,0,0,0,0,0
20881,1.02,1.45,0.56,316.97,578.92,207.03,223.36,328.99,32,3251.88,59405.19,5.95,240.89,27.96,1011.36,148.02,53.56,931.85,3319.46,5039.23,2453.33,93643.59,96823.94,49.85,270.79,45.25,41.08,91.52,59.8,328.25,875.57,2520.16,63.49,467.34,2733.15,43.24,944.54,437.99,14.69,18.51,1385.89,44.44,2.69,14.09,36.6,1.48,0.16,0.55,0.05,0.11,0.38,220.97,4.77,279.93,30.82,0.04,0.14,0.54,0.18,176.03,1.35,0.09,0.17,0.08,88.7,0.88,0.11,0.51,0.16,1.04,0.06,0.05,0.12,0.43,7.44,1,24.05,2.4,2.87,246.81,674.22,165.83,0.09,5104.05,15.33,10.68,130.65,0.02,32.63,0.29,0.23,0.09,0.53,0.03,0.08,0.08,161.56,2.46,352.37,6.08,68.57,1367.33,0.12,35.54,53.56,0.41,153.08,0.07,48.47,0.32,0.13,0.89,21.53,88.27,19.66,6388.53,0.83,0.12,0.14,0.19,0.2,0.05
53.4,0.04,0,0,333.14,5801.6,241.61,876.71,902.93,133.73,213.3,3503.67,136.58,1859.17,155.14,892.8,85.92,118.92,125.3,252.31,205.39,117.11,11604.8,351637.97,316.04,926.51,467.71,97.19,143.35,2264.12,46.18,43.62,514.7,223.78,11.02,5306.91,245.78,6429.51,363.31,13.25,44.39,11.38,142.67,122.79,2.86,37.9,0,0,1.28,0,0,0,0,2,992.13,6.73,16.06,0,0,5.65,0,0,0,0,0.27,0,0,0,0,0,0,0,0,0,0,34.82,0,25.5,146.98,1636.27,0,24.19,995.57,78.8,4132.47,411.01,123.37,382.97,39.67,1028.01,438.2,370.2,87.4,1845.53,48,135.73,128.87,2.13,1.89,0,0,0,18488.76,0,162.85,756.72,0,64,0,677.51,548.13,224.47,0,0,0.12,0,538.67,0,0,0,320.8,216.4,89.93
0,0.55,0,0,645.75,1697.83,1139.84,11334.37,223.92,2840.73,63.3,13811.19,354.39,8.28,38.44,15466.4,190.46,1688.01,4404.39,526.7,2278.74,919.25,54.81,1110.37,42509.5,334.31,1458.81,305.84,1880.05,12.59,787.38,1752.38,9826.69,1633.55,1513.17,81.18,319.22,189.28,7908.17,13.8,4.87,18.34,16.1,7.92,10.61,8.35,1.61,1.71,3.15,0,0,2.12,298.52,0.48,1480.98,65.38,36.86,0,0,0,0.03,3.39,0,0,0,0,0.57,0.09,0,0,0,0,0,0,1.48,25.28,2.81,42.58,3.46,0.21,0,0.5,88.45,7.8,1.2,42.42,8.34,121.81,0.99,0,10.73,0,5.98,0,6.8,0,0,1.78,7.03,71.03,1.03,7.52,57752.92,9.82,367.69,231.58,0,0,0,351.4,0,0,0,0,11.95,0,2.01,0,0,0,0,0,0
2108.95,3885.06,550.33,944.2,640.02,23206.17,5335.79,7439.51,1180.62,1349.6,446.7,570144.38,67.94,531.67,297.21,6862.46,3597.21,264.72,6690.46,677.68,6668.96,4132.46,567.23,25020.47,7098.56,350013.17,523.42,195.1,2791.64,4668.98,690.17,219.34,3704.28,4583.96,506.72,5872.04,2487.67,2833.71,73908.65,620.33,13574.86,412.89,429.21,113.75,200.18,1009.28,576.92,279.54,1008.61,91.87,191.33,641.36,39.25,1607.73,50.87,581.25,70.73,234.4,922,305.4,277.4,1536.69,150.8,284.67,138.51,168.8,1515.03,185.07,867.65,266.4,2489.24,104.87,79.67,342.19,4711.36,78.88,2593.08,1256.39,7112.72,766.76,1257.6,687.57,979.75,1270.95,1613.67,595.74,221.42,813.23,39.89,1793.3,1913.11,388.6,1280.26,2540.28,388.94,136.27,132.7,282.5,720.23,1840.49,690.67,633.59,14892.5,211.88,1150.47,1108.42,690.6,3400.49,122.47,6565.9,11608.01,232.38,1518.43,109.8,450.47,100.2,564.24,5434.05,435.03,234.49,2641.39,6666.05,90.33
0,3.33,9.73,0,3395.45,77.9,10.81,1024.18,72.76,1010.2,63.56,2456.79,0.63,106.31,47.86,1271.95,395.55,51.46,464.54,31.93,909.44,9.33,13.5,256.92,87.97,180.1,27834.61,2.62,20.68,9.83,294.81,536.93,11668.46,35.25,1005.4,837.8,32.2,116.19,2057.36,21.04,97.81,6.71,77.71,7.71,89.12,26.7,0.1,1.99,4.39,0,0,0,19.04,20.95,6.63,50.74,0,0,2.01,0,13.61,0.22,0.12,0,0,0,0.96,0,0.39,0,0,0,0,0,0.66,14.48,0.19,10.31,1465.98,7.6,1.72,114.66,0.87,0,22.8,87.61,6.91,64.64,0,0,28.13,0,0,73.27,0,0,0,15.54,113.83,4.28,51.1,51.38,123671.62,7.7,5427.69,4508.48,0.01,3.38,0,0,0,37.87,1.37,0.25,0,0,1.35,4.06,0,0,0,0,0
0,0.03,0.01,0.02,20.66,43460.48,771.39,241,3456.12,0.6,16.6,1326.85,5808.05,303.63,16.45,79.16,40.67,10.51,67.47,15.29,82.08,17.54,8.81,13.77,122.78,28.52,4.18,10725.7,71.64,420.01,2.51,1.5,123.3,97.99,3.46,43.42,158.32,53.51,266.53,5.59,1.87,1.23,76.95,0,0,38.18,0.01,0,0.16,0,0,0.01,0.04,0.02,5.26,0.01,0,0,0.02,0.01,0,0.03,0,0,0,0,0.03,0,0.01,0,0.03,0,0,0,0.01,3.51,5.14,41.67,1.48,0.01,0.02,0.02,3.75,0,0,105.08,371.27,198.77,0,24.67,0.01,0.01,5.82,5104.84,0,1139.33,964.78,0,4.65,0.03,0.01,0.01,325.41,1.89,3.92,40.41,0.01,0.05,0,62.28,0.01,0,0.03,0,0.79,0,0.01,0.02,0,0,0.01,0.01,86.02
0,0,0,0,573.96,17780.92,6246.33,3397.07,1898.6,346.09,126.4,4308.31,986.53,28.88,289.64,5556.62,84.14,290.97,536.22,74.15,385.38,77.56,28.01,483.85,5614.1,179.88,907.9,804.58,27482.11,51.64,457.22,458,1052.64,290.14,549.59,25.6,2179.11,130.62,729.84,17.66,3.85,0,12.75,2.94,94.57,25.95,0,0.61,8.61,0,0,0,0,0,43.82,23.98,44.24,0,0,0,0,20.14,0,0,0,0,0,0,0,0,25.87,0,0,0,0,0.38,0.73,38.89,3.94,0,0,0,0,0,0,81.33,47.45,294.91,0,0,0,118.4,0,0,0,0,0,0,150.39,2.03,0,0,21718.73,3.97,341.97,221.69,0,0,0,19.29,0,0.53,8.24,0,0.69,0,0.79,0,0,0,0,0,0
0,0.25,17.93,1.67,80.68,81463.22,4113.35,557.26,2689.3,45.95,427.47,6436.94,2612.37,319.84,124.67,1358.01,151.51,136.85,400.99,84.87,286.99,106.29,191.03,2418.18,270.63,1830.42,28.31,9070.88,277.93,22630.49,7.29,119.46,76.8,187.04,10.85,1143.49,487.76,1065.56,26.63,9.31,20.83,11.1,137.24,15.24,154.86,138.27,2.86,0,7.94,0,0,0,7.68,3.43,43.76,102.81,0,0,0,0,0,0,0,1.08,0,0.27,0,0,0,0,7.64,0,0,0,0,19.13,7.76,102.26,12.67,5.94,0,32.93,1.87,5.27,17.24,209.52,276.03,446.34,0.52,0.08,4.95,0,30.91,0.17,0,0,0.04,0,11.55,6.63,3.75,3.39,1643.28,6.46,17.65,159.71,0,0,0,60.41,0.12,1.67,0,0,2.25,3.03,3.51,2.04,0,0,1.18,1.83,0
0,2.17,3.49,0,1842.34,72.98,12.73,265.92,69.83,150.6,9.78,6791.55,1.2,0.2,20.35,116.19,4.8,3.83,113.03,169.29,541.8,28.16,205.76,19.83,22.1,49.76,745.65,0.98,0,6.1,7601.32,1768.36,2884.91,109.88,3286.81,12.74,11.18,0.69,9440.4,4.19,1.41,2.86,7.71,1.28,1.58,9.11,1.1,0,0.09,0,0,0,1.48,0.14,1388.52,1.32,0,0,0,0,0.05,0.4,0.27,0,0,0,0.37,0,0.05,0,0,0,0,0,0,1.11,0.47,1.99,0.77,0.15,0,0,0,0,0,7.8,2.23,13.99,0,0,0,0,0,0,0,0,0,0.05,2,1.95,5.5,9.66,5273.25,1.97,76.4,17.9,0.29,0.21,0,0,0.08,0,0.13,0.5,0.27,0.03,0.04,0,0,0,0,0,0
0,0,1.91,0,589.48,20.03,1.25,72.73,96.11,13.41,86.71,5142.57,0,0,0.89,17.97,4.97,54.6,135.16,204.48,1688.5,61.12,2.14,43.52,44.1,0.94,189.55,0.99,1.37,1.71,905.38,7647.04,1053.3,8.2,1122.96,0.38,5.09,0,11306.86,10.68,5.5,7.3,0.85,1.11,11.73,2.6,3.45,1.14,8.23,0,0,0,6,0.17,1815.62,14.79,1.36,0,0,0,0,0.9,0,0,0,0,0,0,0,0,0,0,0,0,0,0.2,0,0.97,0.08,0.54,0,11.13,0,0,0,4.32,0.5,19.24,0,0,0,0,0,0.07,0,0,0,0,0,0.6,0,10.67,4848.5,26.22,58.45,35.42,0.04,0.72,0,0.08,0,0,7.04,0,0.4,0.38,0.73,0,0,0,0,0,0
222.26,58.77,11.93,1555.41,893.15,103899.71,150.15,1722.17,51.7,728.67,2961.53,266198.09,95.44,2.04,89.49,1124.02,114.48,289.03,140.45,257.35,1972.68,1644.13,3794.9,354.01,305.01,36243.85,8404.87,51.54,220.36,132.64,397.68,296.32,71528.77,5.92,2204.33,221.65,319.58,1598.81,38265.38,16116.89,56227.59,3328.23,33.7,1628.48,5454.31,7623.72,109.57,3.37,6965.02,2.4,5,16.63,328.18,27.64,490.33,235.15,11.79,6.73,26.45,8.76,54.24,261.99,2.74,526.58,26.9,567.34,54.99,6.96,31.76,9.78,139.29,1.05,116.14,277.34,12.87,111.55,73.96,94.32,638.39,524.72,16.39,80.06,11.02,0.93,477.01,83.35,68.54,438.96,0.87,2151.32,3926.38,4.35,1.78,940.14,1.27,18.66,4.65,63.47,10896.42,27.75,253.32,10.61,74020.14,7.09,6391.56,14157.5,13.13,60.44,2.33,809.89,13641.11,0.92,29.15,2.11,8.64,6.26,10.74,7683.24,4.13,8.78,283.32,39.55,0.44
0,0,0,0.18,273.3,1244.91,430.51,1368.82,112.18,238.19,275.73,7942.42,24.57,0,182.76,1945.77,298.71,49.42,3070.41,323.88,1140.47,772.47,214.97,190.3,1698.28,672.69,70.78,9.54,48.25,28.62,444.93,595.79,2344.57,13242.22,444.08,129.61,206.15,26.76,5547.84,25.68,1.78,10.68,93.38,39.61,3.11,18.3,0,0,2.46,0,0,0,52.58,0,1536.49,25.5,0.13,0,0,1.1,0.08,0,0,0,2,0,0,0,0,0,0,0,0,0,0,0.33,10.28,42.34,128.74,0,0,5.35,48.53,0,0,22.4,68.58,107,0,44.82,0,0,0,0,0,0,0,0.3,5.2,7.96,2.08,0,7166.89,2.04,6.33,76.2,0,0,0,0.08,0,0,0,0,0.15,0,0.48,0,0,0,0,0,0.04
0,0,0,0,1180.38,144.6,47.87,242.29,99.69,142.53,1.41,27469,17.1,0,35.56,224.89,28.59,47.65,191.54,490.21,13498.69,32.47,10.12,20.85,122.9,1237.73,1044.75,1783.13,47.52,3256.55,1403.36,2705.69,7243.87,0,16190,8.86,74.55,0,6437.18,2.75,5.71,2.86,3.17,1.93,5.84,8.59,0,0,0.13,0,0,0,51.72,8.21,337.61,65.36,0.25,0,0.38,0.25,0,0,0,0,0,0,0.69,0,0,0,0,0,0,0,0,0,0,5.24,415.13,0,0.12,1222.69,7.67,53.4,65.67,150.94,32.8,7.04,13.53,727.51,166.73,132.13,0,305.87,0,0,0,1.38,22.16,0,0,4.11,26363.72,2.03,299,89.5,0,0,0,179.8,0,76.6,0.34,0,0,0,0.27,0,0,0,109.53,116.6,30.67
9836.47,1.67,0.92,0,197.53,2927.4,244.32,1385.19,411.67,214.02,3652.67,100670.47,60.07,913.05,182.91,2575.5,3190.61,195.64,1740.47,12053.57,1390.5,2145.03,14666.84,75990.97,615.54,44628.46,1172.97,50.98,246.21,522.74,187.44,248.88,274.88,223.59,374.33,76192.1,345.94,5950.04,6109.16,32.44,28936.13,72.33,206.27,73.2,227.05,778.86,0,354.45,2128.48,46.2,96.27,3327.6,2263.25,0,1244,493.62,136.57,0,0,0,0,0.01,0,0,0,0,0.79,0,0.17,0,13130.79,57.73,40.07,3553.93,2.77,52.32,3888.69,13634.53,4919.93,7.25,1298.14,3451.64,845.87,66.4,0,33.72,75,1168.61,0,47.39,11.22,0,67.8,0.09,0,74.93,56.67,0.41,13.7,0.01,0,3.81,6976.74,0,117.87,2719.54,390.27,70.38,0,4603.17,14238.8,17.03,1487.21,109.33,450.85,99.73,556.95,0,0,0,18696.79,9687.51,5909.67
0,14.7,0,0,942.1,37256.95,1284.21,1716.18,6386.21,1657.83,284.84,9636.31,1363.52,2.2,7782.61,11281.35,6336.82,2329.02,730.88,213.27,1780.31,72.62,27.69,306.35,1924.98,216.43,866.27,1455.09,7632.27,106.5,149.85,533.03,841.17,227.17,1503.97,36.62,44882.41,86.71,519.15,21.92,18.01,3.52,43.07,426.78,949.46,119.89,4.09,1.5,122.38,0.13,0,0,30.96,0.44,115.21,25.13,15.7,0,0.79,0,0,0,0,0,0,0.23,13.74,0,0,0,36.52,0,0,0,0,39.43,0.59,81.94,10.09,0,0,0,0,0,0,737.83,168.66,2713.44,38.37,625.22,303.85,55.93,0,628.73,0,190.51,0,0,137.33,0.27,61.06,0,69746.11,0,427.72,1166.54,0,0.64,0,43.87,0,18.9,0,1.58,0.58,0,0,0,0,0,0,80,0
12,13.35,64.71,7.69,77.65,33814.18,68.58,35.48,386.88,0.1,54.78,3568.47,43.69,1321.4,52.19,275.37,84.16,20.27,192.65,281.5,123.32,48.97,700.77,113303.17,36.7,698.44,79.7,35.68,52.83,558.95,13.02,33.28,88.73,101.04,18.02,1488.45,210.71,89075.33,18.09,8.47,29,3.96,51.26,6.84,0,54.82,4.97,0,1.26,0,0,0,0,0,5.7,3.26,0,0,0,0,0,0,0,0,0,0,0,0,10.87,0,6.1,0,0,0,0,11.02,4.09,46.95,4.53,0,3.87,44.91,0,0,0,8.71,39.89,83.36,0,0,47.36,0,0,0,0,0,0,0,10.96,0,0,0,1127.18,0,121.97,117.66,0,21.16,0,41.3,0,5.04,0,0,0,0,0,0,0,0,0,0,0
5880.76,797.61,247.83,481.74,3711.36,14470.78,1443.06,3313.33,1453.11,130.93,889.72,320397.98,436.21,614.31,120.19,391.59,1666.06,119.33,2367.39,5279.59,5824.27,1647.13,20155.17,4776.14,3259.3,5115.86,3542.34,921.3,1358.8,2256.07,2328.8,3277.39,16404.48,1339.62,3739.04,4510.09,2049.2,2199.37,115647.55,484.05,17469.8,314.65,964.88,96.44,105.77,431.14,356.78,173.93,696.52,39.36,83.25,274.4,8905.54,4063.52,9636.52,512.29,874.81,177.24,3326.58,1101.75,84.63,452.89,46.02,607.39,42.02,81.44,5451.97,674.94,3156.76,125.51,16149.64,35.58,41,105.23,388.23,15.55,379.05,576.84,1975.63,374.61,4304.51,333.97,284.55,301.21,499.8,3932.65,956.14,3465.18,29.49,1077.68,447.84,274.03,89.09,503.83,27,1323.01,72.48,149.71,398.2,1287.8,357.03,338.89,22175.16,106.78,1135.46,491.84,306.34,1471.22,54.33,535.77,469.54,193.62,5504.06,110.66,1855.54,54.5,3744.23,651.89,97.74,107.05,329.58,777.62,92.45
43.16,212.75,437.53,0,92.88,27.93,3.75,102.83,3.34,314.28,19.99,3229.4,0,0.51,35.01,147.05,14.04,9.73,192.96,0,232.06,4.6,0,125.29,5.89,2.77,1106.66,0,0,0.11,326.1,62.09,389.67,7.03,98.7,1.21,43.78,0,189.93,74182.3,3125.52,624.78,259.24,2461.66,4393.04,2190.42,866.51,332.22,4484.73,0,371.4,493.7,195.2,250.83,137.44,538.06,1.98,0,25.66,0.42,3.73,99.82,6.63,2.16,3.82,8.12,10.41,0.35,1.24,5.3,236.2,54.63,0,0,7.33,1.24,14.55,98.26,179.52,2,13.59,80.77,2.03,0,0,25.6,24.96,802.92,1.15,0,0,0,0,0,0,0,0,31.93,6468.95,653.87,2032.22,31.85,388138.3,5.7,4078.98,40566.61,53.57,609.89,0,42.15,0,0,1.29,0,1.34,2.09,2.27,22.42,0,0,40.42,0,0
3969.23,3598.66,977.57,36437.91,302.47,2387.22,66.06,272.33,72.04,97.98,105.5,136805.83,19.36,22.34,62.78,348.18,75.04,51.54,147.42,219.12,286.95,76.49,720.28,136.5,142.76,233.33,3112.41,44.53,66.82,108.37,42.73,694.49,57537.35,54.67,1706.48,203.68,1433.67,98.44,6414.35,16410.38,395963.87,12206.76,68.15,147.01,6907.48,3618.77,21983.61,5896.72,48526.32,1377.8,1858.85,5347.14,9249.95,26152.4,645.86,6238.05,629.9,2639.6,4538.3,4520.52,2232.25,7407.78,2262.02,455.89,225.14,2398.82,13589.99,2380.17,13636.68,6379.54,19343.76,901.12,548.87,1412.79,8935.84,7.78,9989.68,246.89,41487.24,1936.46,18725.57,4913.54,12175.5,143.63,22256,181.07,59.75,215.94,11.69,3056.99,170.85,86.97,37.1,200.19,10.73,48.82,32.95,6673.74,10826.19,36114.28,26120.97,11551.37,222122.99,4007.59,19168.31,10316.82,9640.58,45435.12,1071.66,1587.01,263.02,77.13,13194.9,862.62,3773.28,975.53,7951.04,13956.03,3125.71,1696.43,251.02,187.61,48.28
794.65,287.5,941.49,125.69,149.3,0.09,0,42.53,8.87,222.29,34.62,2279.11,0.18,0,20,48.15,0,2.57,56.15,86.83,39.35,113.55,249.71,1.95,0.01,0.13,649.08,0,0,0,15,255.74,109.93,2.88,45.58,0.01,124.44,0,473.54,1948.01,36358.56,14889.34,11.46,230.28,2718.23,1913.56,3395.19,114.67,6616.56,536.12,618.68,1386.19,1146.62,8952.22,444.92,322.19,70.88,407.12,115.35,43.55,47.94,1386.93,290.11,52.12,31.5,276.37,510.55,27,154.33,56.44,1149.34,16.66,11.73,211.02,866.9,0,98.57,336.84,385.54,0.01,157.36,208.44,191.13,0,0,0.01,9.84,10.83,0,4.36,0.01,0.01,0,0.02,0,0,1.9,242.28,421.01,739.07,1801.57,196.28,91137.43,39.12,688.56,662.75,114.14,3529.49,895.87,42.4,0.01,0,205.03,13.74,68.48,12.54,71.57,13789.56,28.07,34.67,0.01,0.01,0
0,0,9.93,0,398.1,660.63,17.14,289.32,32.61,711.07,15.11,2826.14,12.02,0,1394.26,522.96,45.44,32.73,315.96,31.24,132.31,3.78,0,18.02,8.38,12.36,560.09,76.65,120.7,0.4,37.54,409.08,368.86,16.63,154.44,3.63,360.11,2.01,407.73,429.21,410.46,25.25,36006.98,5736.21,26605.9,8080.78,33.7,78.77,6623.7,0.73,0,0,145.66,86.88,454.32,300.54,20.36,0,0,0,0.25,19.96,0,0.77,0,6.56,11.42,0.45,0,0.85,34.39,0,0,0,3.03,201.26,25.69,3650.57,1077.71,155.56,0,0,0,0,0,315,352.1,5424.37,42.31,11.97,0,0,0,4,0,0,0,18.2,119.14,50.81,3.49,6.76,111755.63,36.04,892.89,5776.43,0,1.92,0,48.41,0,0,0.83,3.56,4.34,0,0.83,0,0,0,0,0,0
0,1.8,0,0,385.71,76.05,23.55,53.71,5.94,780.1,19.82,1035.5,0,0,410.23,211.58,43.21,81.53,364.44,3.67,214.67,0.09,2.04,0,110.85,3.76,310,0,102.55,0,91.76,303.71,171.3,25.71,398.91,30.1,58.96,0,379.87,1384.71,560.78,428.44,477.24,21692.87,4940.37,3814.13,67.04,27.77,953.7,0,0,0,3.85,4.98,375.44,57.75,7.93,0,0,0,0,5.95,0,3.35,0,0,0.28,0,0,0,101.27,0,0,0,3.49,70.49,0.3,358.84,324.35,0,0,0,0,0,0,15.68,34.04,83.95,0,0,0,0,0,0,0,0,0,0.46,103.83,1.93,23,3.48,62558.92,23.07,917.5,13208.63,1.33,1.87,0.84,10.87,0,40.73,0,0,0,0,0,0,0,0,1.2,0,0
0,67.11,3.84,2.56,27.74,705.92,9.21,12.77,9.97,175.92,103.08,11957.65,4.75,3.28,1101.34,70.24,7.14,0,143.8,0.01,30.74,8.04,2.02,5.62,8.08,0.01,152.07,0,2.67,1.95,51.75,632.29,194.23,0,140.6,0.65,1.58,0,1734.86,8526.64,2561.2,232.6,245.25,967.55,100811.62,7244.35,116.63,108.29,5591.73,0.1,0,0.01,151.83,39.13,408.88,146.05,0,0.01,0.02,4.4,0.8,0.03,0,0.01,3.89,1.28,0.03,0,0.12,0.01,300.49,0,1.64,0,0.59,10.31,2787.6,923.57,17633.65,1846.82,0.03,106.3,0.02,0,0,7.52,0.54,34.43,0,318.15,0.01,0.01,0,0.02,0,0,0,4.12,262.56,16.18,72.68,26.66,201736.86,18.75,600.24,7933.79,5.9,35.11,214.86,42.87,0.01,0,2.03,5.81,0.01,0,38.07,55.98,0,0.01,0.01,5.81,0
0,20.95,1.46,1.5,27.94,181.95,15.68,52.63,7.18,251.26,216.34,19707.33,0.43,0,338.54,79.7,0,3.34,303.5,57.57,391.24,9.74,0,0,13.73,0.02,1753.83,0.56,18.25,2.49,97.44,212.9,238.67,4.43,189,0.25,23.48,0.07,1533.61,2330.81,6559.06,621.88,1567.45,1132.86,83348.38,86312.9,402.32,576.49,15916.07,248.27,0,0,482.61,209.53,391.36,249.27,66.32,0,0,4.47,0.84,217.37,0,11.62,2,6.89,10.3,0.36,3.18,1.66,420.72,4.95,0,0,31.74,287.91,1492.9,15369.29,7500.06,496.45,2.94,52.57,7.6,0,0,5040.14,3004.66,5259.24,263.36,5989.54,3243.15,2628.51,0,0,0,0,0,14.97,979.66,134.79,429.55,13.5,196666.65,13.43,1393.28,6894.03,7.88,71.72,0.39,30.43,0,1492.36,0.26,0.15,6.24,0,0.99,0,0,0,0,0,0
0.54,7.47,3.67,0,5.57,1.86,9.24,13.46,5.19,0,7.74,668.54,0,0,0,1.74,0.79,4.05,11.15,0,61.2,0.08,0,4.61,52.9,0,0,0,2.05,0,6.23,0.91,96.21,0,2.97,0,32.5,4.97,113.67,823.09,7995.89,533.56,23.48,394.21,575.78,229.15,42093.95,534.86,5207.59,0,0,0,163.09,1137.37,46.62,45.28,5.97,10.74,0,0,29.27,78.16,152.81,6.45,10.26,285.25,0,4.5,3.7,11.64,0,0,105.39,128.66,316.08,0,0.4,357.41,3.43,0,1.57,2696.3,0,0,0,9.09,17.12,3.05,0,3.31,0,0,0,0,0,0,0,1173.49,3120.2,3457.67,17263.28,216.77,125381.82,177.14,334.47,1205.41,406.83,131.62,66.43,0,0,0,1.42,0,0.25,0,79.79,16.8,0,0,0,0,0
0,0.02,0.01,0.01,6.74,3.72,0,1.93,0,0,0,102.38,0,7.67,1.31,0,0,0,4.83,0.01,5.98,0,0.02,0,0,0.01,60.4,0,0,0,6.93,0,20.94,0,0,0,0,0,0.01,277.76,2316.69,423.19,42.08,44.71,160.33,208.22,154.24,3478.67,346.49,104.57,494.39,23.59,19,40.44,0.01,34.62,0,0,0.01,0,0,0.31,0,0,3.12,13.33,0.01,0,0.01,0,4798.34,0,0,1.14,9.91,8.13,2231.9,1348.7,1101.94,6716.48,0.01,337.08,1342.68,0,0,0,6.16,1.86,4.93,132.53,61.34,48.6,19.87,112.54,6,0,16.13,9.73,1.98,2.07,9.11,0.01,4166.67,0,36.13,652.52,0.01,105.55,0,25.01,3.07,28.2,0.02,0,0,1.37,0.47,0.08,0,0,0,0,0
42.95,63.62,23.46,32.23,1481.4,409.87,4.68,537.65,86.09,1181.37,14.51,91747.69,1.44,2.05,753.71,2835.26,5.5,1565.62,77.59,17.62,50.08,5.37,66.29,14.11,135.74,17.05,321,52.6,60.46,7.53,635.46,80.4,2455.27,3.96,126.17,15.06,128.88,7.1,7682.42,12561.23,38694.56,672.6,119.1,2580.74,54886.94,4980.07,4318.77,163.01,103943.6,4.64,336.35,20.89,498.26,517.73,265.9,240.89,24.97,27.06,30.39,10.07,17.02,62.2,14.63,11.22,8.57,12.7,52.38,6.19,28.94,21.96,1189.13,184.33,3.26,6.61,142.69,46.2,471.35,1746.76,2842.67,202.45,40.3,106.9,28.98,4.97,14646.37,338.35,71.73,129.51,1.29,401.1,15.69,12.41,5.08,28.72,1.54,31.3,4.13,28.04,11553.37,1137.22,1428.93,40.68,290042.66,34.23,3681.98,7603.52,162.02,164.47,20.63,44.25,10840.48,7.5,49.78,3.56,16.24,3.41,21.72,82.49,6.83,7.48,10.17,10.82,2.85
255.13,88.76,0,0,0,0,0,0,0,0,0,203.86,0,0,12.05,0,0,0,0,0,0,0,0,0,0,0,0,0,0,0,0,3.58,121.61,0,0,0,30.13,0,0,3.85,952.78,216.42,0,0.17,27.62,87.29,0,33.98,2.23,520.31,0,40.08,0,0,0,0,0,17,0,0,0,0,0,0,0,0,0,0,0,0,73.61,9.99,0.5,1.91,161.99,1.54,19.59,28.69,7.18,6.32,0,0,0,0,0,1.2,0,1.74,0,0,0,0,0,0,0,0,0,0,0,0,0,8.15,132.38,0,0,5.33,0,0,0,18.21,0,0,0,0,0,0,0,0,0,0,0,0,0
2.18,2786.24,10.19,17.49,3.89,21.7,2.61,5.93,2.66,2.49,4.07,738.47,0.8,1.14,2.6,7.15,3.07,2.13,4.12,9.82,9.17,2.99,36.96,5.64,5.4,9.51,7.81,1.71,2.52,4.2,1.93,69.29,9.14,2.21,4.69,8.4,3.66,3.96,10.66,10.72,98.72,7.11,1.82,1.85,3.12,12.58,10.54,5.14,17.4,1.7,2014.76,11.79,20.85,20.78,11.35,8.84,1.31,451.41,17.08,5.66,5.14,27.5,2.79,5.27,2.55,3.13,27.76,3.43,16.03,4.93,32.84,677.05,1.48,568.61,13.52,0.6,11.6,9.88,84.43,13.39,23.3,168.25,15.65,2.91,3.58,224.95,1.79,6.42,0.74,19.07,9.08,7.2,2.94,16.66,0.89,2.52,2.4,5.04,9.82,33.25,12.36,11.64,76.29,3.67,4.44,13.95,12.79,58.91,2.27,19.51,10.2,4.17,28.12,2.03,8.33,1.85,293.22,26.16,3.93,4.3,5.97,6.35,1.67
1049.16,7883.54,32.26,2.85,0.63,4.07,0.42,0.97,0.43,0.4,0.66,143.7,0.13,0.19,0.42,1.16,0.5,0.35,0.67,1.6,1.7,0.56,6.15,0.92,0.95,2.79,1.27,0.28,0.41,0.68,0.31,0.44,1.63,0.36,0.76,1.5,0.6,0.64,2.15,1.81,66.57,75.37,0.3,0.3,8.44,5.93,1.72,2.48,5.96,17.62,17.83,12174.67,3.39,3.38,1.85,5.96,0.21,144.11,2934.14,416.11,879.5,5072.48,485.24,902.62,436.68,3.41,1627.08,586.89,2750.66,0.8,5.97,0.32,719.07,471.67,7697.83,0.1,4.99,5.29,196.29,2.18,3.86,2.82,2.55,0.47,0.72,1.2,0.29,1.04,0.12,3.17,1.48,1.17,0.48,2.71,0.15,0.41,0.39,0.82,1.74,5.48,2.15,1.89,67.06,0.6,0.79,2.34,1717.93,194.46,395.69,15.35,1.73,0.68,4.58,0.33,1.36,0.3,1.69,344.31,672.61,752.62,0.97,1.03,0.27
0,996.89,320.58,2554.5,644.59,1862.34,2.79,9.25,14.54,21.88,393.35,209055.18,54.09,98.51,165.78,208.83,242.97,53.26,331.46,850.48,964.54,413.2,2196.41,633.91,348.58,1056.81,497.51,101.26,172.91,434.09,725.72,1495.36,702.02,219.66,123.11,724.28,211.73,515.48,2873.89,546.15,531.79,1280.67,117.39,71.16,131.63,436.51,152.58,84.65,326.97,119.98,0.01,6.81,75724.24,9232.87,10450.43,4246.27,782.33,584.22,2558.45,700.48,126.28,2.37,234.49,748.47,16.23,304.5,5235.91,494.99,2644.81,462.25,1858.45,59.14,15.31,0.01,373.37,8.92,2.78,48.42,66.81,0.02,5752.93,5477.77,6569.05,23.74,29.21,44.11,18.49,222.44,6,188.83,74.21,58.81,252.66,1123.63,76.42,216.49,205.6,51.8,697.96,3164.31,274.83,147.28,41928.11,271.47,560.05,1359.95,654.35,1008.31,155.77,130.82,874.63,34.14,9842.48,295.38,949.88,721.81,3116.59,807.05,119.61,131.54,48.74,428.31,112.78
203.73,645.41,5.71,16.01,20.76,0.01,0,0,0,0,36.03,12997.65,0,0,20.66,2.61,14.3,19.47,19.16,9.39,48.16,1.41,0.02,0,3.83,0.01,14.79,0,4.98,0,7.71,19.37,3246.84,2.06,139.75,0.01,35.5,2.57,7366.32,19.55,2209.3,51.28,38.17,5.88,85.65,47.21,977.11,156.47,74.79,58.13,109.07,364.2,7924.88,59158.84,1300.11,8928.38,851.51,252.13,0.01,0,156.4,2821.47,178.7,0,81.26,5.79,0.01,0.1,0.01,0,0.01,0,45.48,353.8,857.01,0,0,580.87,220.89,0,55.53,7553.91,0.69,0,0.01,1.12,1.59,43.45,0,63.18,0.01,0,0,0.01,0,0,0,183.72,1254.35,2574.24,2061.13,3778.53,55772.7,247.92,1235.05,649.45,391.74,2003.6,69.13,0.01,0.01,0,11.91,1598.08,1017.7,1.92,422.91,8509.48,110.07,270.8,0,0.01,0
0.01,1.77,8.17,3.05,381.32,0.15,164.02,805.98,43.36,89.83,1696.39,163429.57,0.01,0.01,102.72,270.71,241.93,97.21,548.7,852.42,1150.64,168.83,1170.61,0.04,263.13,311.97,305.04,1.68,103.18,22.46,114.05,374.39,946.61,326.88,569.55,332.73,78.12,0.03,9918.12,474.67,1293.67,1.83,21.72,60.9,124.71,467.74,9.84,0.07,653.4,0.01,0.01,0.04,11149.29,1994.19,93816,6063.1,1008.75,60.35,0.86,0.6,0.01,0.07,0.01,0.01,0.01,2.31,0.11,0.01,1.24,0.02,0.1,0.01,0.01,0.02,7.83,7.57,176.15,378.54,0.31,0.05,1075.11,726.95,477.97,0.05,0.06,0.05,0.68,37.76,0,70.12,0.07,0.04,0.01,0.08,0,0.01,0.01,0.7,490.57,334.95,149.4,71.38,40012.36,47.15,174.31,1174.2,0.05,2.77,3.9,0.09,0.08,0.03,26.37,59.01,256.72,37.67,172.63,0.15,2814.78,0.02,0.06,0.06,0.02
0,1176.66,0,4,148.89,0,8.38,39.02,2.06,2.97,48.46,8976.93,6.9,0,9.07,5.56,49.78,0,118.79,28.01,249.23,11.72,1.4,1.93,16.63,4.38,71.93,0,11.63,0,348.95,194.91,795.88,75.57,38.08,5.71,17.41,0,3454.88,783.53,3328.88,473.64,13.84,1.03,55.02,26.52,88.83,0,689.78,0.29,0,742.27,2584.19,14516.51,6422.53,66888.32,1463.58,0,0,0,0,0,0,2.29,72.93,196.8,0,0,0,363.2,2.06,122.27,85.73,0,430,0,0,6.86,368.28,1.87,430.68,78.51,1161.6,0,0,1.21,2.22,4.42,0,91.13,0,0,0,0,0,0,0,353.47,1104.49,6305.96,950.36,1098.57,88595.12,500.9,1045.57,896.48,0,0,0,0,0,0,1.53,6.27,22.56,1.49,603.94,0,0,0,0,0,0
0,6818,5.26,9.4,2.1,0,0,1.9,0,0,17.27,364.66,0,0,2.01,0.4,4.85,0,19.91,0,21.82,1.35,0,0,0,0,22.6,0,0,0,11.59,12.63,49.42,3.01,4.84,0,32.52,0,120.21,26.3,8.21,17.36,8.68,2.61,19.73,31.6,0,0,0,0,0,0,709.96,629.3,960.18,3133.46,3172.76,0,2,0,0,0,0,0,0,1.79,0,0,0,0,0,0,0,0,0,0,0,3.28,0,0,2.27,1.9,2.46,0,0,0,0,0,0,0,0,0,0,0,0,0,0,2.17,73.41,20.15,32.82,60.47,10693.3,1.62,4.02,81.56,0,0,0,0,0,0,12.37,0,0,0,0.78,0,0,0,0,0,0
0.22,85.49,119.57,30.54,1.96,0,0,0,0,0,0,2011.4,0,0,31.53,0,0,0,0,0,0,0,0,0,0,0,0,0,0,0,0,0,10.08,0,16.62,0,0,0,128.41,2.33,0,3.06,0,0,0,0,0,0,0,0,0,12.22,2.63,0,0,0,0,3371.08,7969.31,2172.08,4.22,46.61,0,5.56,28.5,17.78,6744,0.79,36.63,1.81,0,0,0,0,0,0,0,0,0,0,61.43,0,1.61,0,0,0,0,28.79,0,12.6,0,0,0,0,0,0,0,3.04,0,0,5.53,481.05,8.79,0.52,9.61,0,0,11.04,13.79,0,0,0,103.32,4.31,0,0,0,6.37,0.52,0.59,0,0,0
0,133.76,580.1,200.94,23.51,0,0,0,0,0,1.33,10601.84,0,0,28.61,14.91,0.71,0,1.8,0,8.74,0,0,0,0,0,6.25,30.12,0,0,3.52,7.5,171.52,0,2.37,0,0,0,58.99,96.52,8.02,18.88,7.09,2.51,314.39,18.93,97.18,0,0,1.43,0,21.84,296.96,14.41,93.59,4.49,19.87,601.86,9297.05,1046.52,90.45,184.82,0.4,46.49,131.03,14.04,1209.76,14.06,128.23,73.39,0,0,0,0,36.42,0,0,3.6,0,0,79.8,40.03,35.78,0,0,0,0,0,0,0,0,0,0,0,0,1.58,0,25.07,110.59,24.17,58.58,607.18,726.78,177.45,0.05,105.51,0,20.66,0,0,0,0,77.67,0,17.43,0,86.21,10.11,0,0,0,0,0
0,80.23,374.38,261.16,154.15,0,0,0,0,0,21.38,117.87,0,0,0,0,2.52,0,0,0,2.09,5.82,0,0,0,0,0,0,68.23,4.44,0,36.79,17.24,10.17,11.05,0,12.48,0,13.79,12.18,3.75,7.89,0,0,3.9,3.04,0,2.45,7.96,0,0,114.4,2,0,19.47,3.75,16.33,192.82,952.65,4129.9,87.79,266.46,0,42.52,50.93,22.2,463.93,21.4,47.98,2.53,0,0,0,0,79.19,0,0,68.63,0,0,196.99,18,13.77,0,0,0,0,0,0,0,0,0,0,0,0,0,0,20.64,8.29,1.67,13.71,429.99,179.51,4.15,0,152.82,0,32.16,0,0,0,0,185.39,38.81,16.54,0,4.96,3582.97,0,50,0,0,0
0,32.84,941.18,160.76,23.79,0,0,204.9,4.06,211.82,3.8,352.83,0,0,0,33.87,147.85,0,108.91,52.01,343.63,6.1,0,0,35.57,0,473.8,0,5.14,0,0,3.99,70.57,0,51.76,0,0,0,482.34,364.13,291.72,12,0,0,174.23,310.26,190.15,2,99.89,0,0,0,1355.23,355.56,184.47,299.76,113.4,1.86,3.69,17.59,11177.49,1712.71,471.69,16.45,919.3,1363.82,221.64,0,141.6,280.53,156.33,0,0,0,83.15,0,0,7.38,41.33,0,29.72,298.03,91.06,0,0,0,0,0,8.53,0,0,16.33,0,168.47,0,1.29,0,12105.36,5477.12,7448.88,2020.23,2642.72,92163.5,1692.57,175.75,590.53,29.5,3341.84,130.8,0,0,48.53,64.68,12.83,7.93,4,18.02,2.35,0,0,0,0,0
22.58,10563.55,3367.2,654.31,0.99,0,0,0,3.98,8.25,6.63,1872.84,0,0,0,1.9,0,0,0,57.8,19.83,17.82,0,0,0,0,32.02,0,0,0,2.42,0.25,60.19,0,726.62,0.41,0,0,76.99,11.73,80.59,32.19,19.56,0,16.76,42.4,114,0,126,10.71,23.12,7.57,100.81,353.02,467.72,41.83,0,41.5,5.2,7.21,89.21,28460.54,1064.92,4274.42,44,180.08,856.71,0.18,34.72,21.11,366.53,0,5.16,62.89,1466.18,0,0,0,539.54,0,51.2,172.26,9.9,0,0,0.35,0,0.18,0,65.98,0,25.73,0,0,0,0,0,1080.24,61.24,222.25,278.84,943.63,11423.71,17.47,18.57,43.49,68.85,22314.12,263.33,485.87,0,0,9.19,0.05,8.93,0,24.7,1345.39,0,3.6,0,0,0
5034.33,0,36.25,931.28,0,0,0,0,0,0.63,0,2266.54,0,0,0,0,0,0,0,0,0,0,0,0,0,0,0,0,0,0,0,0,0,0,0,0,0,0,0,0,166.54,20.55,0,0,1.98,0,4.13,0,15.16,1.84,29.96,0,2.29,54.01,15.07,0,0,0,0.25,0,0.43,186.7,804.75,3.06,16.59,8.58,0.1,0,5.37,1.95,15.2,0,0,19.38,124.52,0,0,0,8461.12,0,0.63,95.94,0.05,0,0,0,0,0,0,299.79,0,0,0,0,0,0,0,1.2,0,0,1.29,6.16,20676.1,1.97,0,0,1560.35,5044.11,316.69,5.43,0,0,0.46,0,0,0,0.17,14.98,7441.33,0,0,0,0
74.2,4387.76,797.45,36.18,50.67,0,2.18,7.95,0.94,24.39,0,180.98,9.33,0,0,58.84,0,0.78,28.17,0,5.49,0,6.1,0,0,0,62.19,0,0,0,0,7.05,35.2,0,122.46,0,0,0,353.69,394.22,1830.67,153.99,0,0,102.47,239.76,552.01,0,256.52,96.58,174.55,150.67,914.63,946.52,618.47,1498.49,64.17,52.97,25.19,11.72,807.59,11727.44,2593.65,4631.73,291.69,169.18,3631.41,1.14,3023.65,524.2,0,22.53,17.13,9.74,277.14,6.93,134.8,95.49,1792.47,133.93,62.1,619,586.63,0,0,85.33,19.87,1.78,0,132.53,0,0,0,0,0,29.33,27.8,864.32,1860.96,979.79,840.8,4118.48,56720.76,27.76,352.97,468.86,186.45,12881.3,331.07,0,0,0,57.3,47.26,22.03,4,106.88,2512.04,151.47,0,0,0,0
0,13.68,161.5,10.59,109.44,0,0,222.86,0,0,0,196.49,0,0,6.39,210.14,0,0,0,0,22.77,0,0,5.3,0,0,86.09,0,29.27,0,0,0,153.79,0.86,651.2,0,0,0,160.44,387.58,286.43,306.66,1.25,0,205.97,41.15,238.28,0,257.74,2.75,0,9.27,1245.7,1048.51,847.57,739.35,76.22,13.62,74.2,9.56,1909.05,12857.67,630.07,1063.4,5328.33,57.49,756.41,6.28,279.65,1867.8,521.93,0,0,0,86.84,0,0,337.8,70.2,0,91.73,213.75,240.08,33.8,0,0,0,1.98,0,0,0,0,0,0,0,0,0,2947.05,63.09,1280.93,5118.25,1777.97,94690.12,5.4,865.97,120.24,86.07,611.36,6.78,0,0,0,159.69,0,8.37,48.71,88.59,0.1,0,0,32.8,73.87,19.4
0,1232.34,7.28,1094.16,5.03,0,0,3.79,0,0,13.41,149.41,0,0,0,74.22,0,0,2.09,0,27.17,0,0,0,0,0,11.9,0,0,2.76,1.28,5.62,8.3,8.9,0,0,0,0,0,27.27,673.51,735.46,0,59.97,907.64,75.12,436.43,61.75,338.05,0.51,0,3.3,148.39,0,12.59,7.36,0,7.93,0,0,2210.25,706.46,15.98,9.71,1889.78,7615.16,22.17,0,0.2,27.13,2.86,0,0,0,14.88,4.1,0,7.66,29.6,0,1.85,69.17,6.24,0,0,0,0,74.6,5.1,13.91,0,41.6,0,0,0,8.35,0,6799.16,642.38,2043.31,1096.42,261.66,7503.25,29.34,1.93,455.67,10.9,1519.04,2.82,96.74,0,0,0.73,0,0,0,0.55,0.67,0.07,0.07,0,0,0
0,125.24,755.66,86.19,26.33,0.01,0,1.24,0,0,9.88,7137.68,0,0,18.83,0,0,1.38,4.58,0.01,71.51,2.32,0.02,0,3.32,0.01,0,0,0,0,10.39,0,285.28,0,2.51,0,53.7,0,2.65,19.68,7749.61,214.91,6.5,5.5,6.29,46.62,23.93,0,12.11,0,0,219.48,116.66,1.79,320.9,30.05,0,2665.53,5460.26,443.8,225.01,366.69,2.08,292.69,189.78,59.48,16626.94,162.07,2596.66,625.78,0.02,0,0,0,60.44,0,0.01,133.31,0.05,0.01,336.34,5597.6,263.22,0,0,0,0,0,0,0.01,0,0,0,0.01,0,7.41,0,196.06,35.25,49.56,9094.38,1855.74,1541.86,297.98,47.92,59.92,8.54,129.96,28.19,0.01,0.01,0,9764.51,0.77,5.29,0,613.3,2.28,0,0,0,0,0
0,5.33,63.15,8.59,0,0,0,68.93,0,0,0,9872.96,0,13.2,30.39,0,0,0,0,0,0,0,0.03,65.53,0.07,0,0,0,0,0,0,0,8.8,25.67,59.4,97.6,42.53,46,222.67,131.22,25.71,3.95,1.95,21.53,0,15.83,123.85,0,202.27,0,0,2.11,248.31,0,131.93,0,0,26.22,1.56,29.59,8.66,54.54,5.03,6.23,17.52,69.52,137.97,3202.39,341.54,81.89,2709.79,0,0.02,154.62,29.33,0,0.22,0.01,16910.53,0.04,26.7,0,0,0,0,0,0,0,0.6,0,105.53,0,0,0,0,0,0,7.77,119.15,5.61,151.16,10.96,725.09,5,51.6,162.55,3.2,73.07,2.41,135.2,0,0,368.93,0,96.8,21.53,120.4,13.8,0,0,0,0,0
7.78,455.21,479.33,114.57,62.37,252.27,30.27,0,6.93,48.65,47.27,30625.03,0,0,3.96,2082.44,37.67,24.8,114.3,114.2,160.54,43.77,429.67,0,0,0.15,130.28,19.87,80.19,0,22.4,31.33,142.83,31.65,217.53,0,0,0,649.39,434.95,134.13,139.05,0.02,0,4903.48,47.5,108.26,0,1294.4,35,0,27130.94,174.8,413.72,180.25,235.54,19.7,185.86,252.9,107.18,45.63,2376.3,295.54,363.76,247.57,149.62,20077.48,611.74,42939.86,4055.48,0.05,0,319.53,51.07,730.71,0,0.08,34.4,31384.07,0,907.52,455.74,1571.9,0,0,69.45,0.12,0,0,0,0,0,0,0,10.33,16.18,0,1112.74,247.45,1186.32,2232.25,12345.74,72393.49,61.4,34.32,285.49,108.25,6874.68,8.72,0,0,0,3524.88,106.22,573.35,0,268.51,963.39,44.3,0.36,0,0,0
0,193.16,179.42,54.18,4.14,2.02,2.33,21.74,32.97,6.14,6.32,4032.72,0,0,0,171.95,0,0,195.1,54.31,5986.43,0.04,0,0,992.12,119.13,127.93,10.33,56.08,23.67,41.03,106.25,135.09,12.06,1.13,0,83.42,0,103.89,67.17,3126.75,112.51,25.88,0,1780.49,33.89,36.36,0.59,407.23,6.63,0,4.05,89.05,132.54,219.87,44.67,33.75,19.42,68.65,34.16,33.82,2403.52,0,97.3,66.57,39.19,904.3,15.8,4360.27,7815.77,0,0,0,0,14.6,0,10876.9,2642.87,0,0,86.1,203.38,283.91,0,41.53,115.27,0,5.63,0,89.2,0,0,34.2,25.2,0,0,0,4037.95,176.33,236.85,400.99,4002.75,33298.39,2.49,47.07,56.91,6.25,372.45,2.86,17712.77,118.47,0,111.66,15.79,161.59,4,41.26,13.68,0,0,36.53,30.4,0
35321.7,43725.64,552.67,703.52,64.77,552.17,42.73,1708.68,45.66,294.19,66.81,20435.03,13.59,21.08,43.07,199.04,52.26,36.65,76.53,168.53,350.4,80.69,689.33,92.57,94.41,936.71,365.09,29.44,41.22,75.59,127.89,73.28,157.29,37.93,79.62,194.97,60.02,78.25,32313.29,184.88,1804.05,421.57,30.63,31.43,53.94,217.45,168.47,101.52,298.52,411.33,169.2,792.35,330.4,352.03,330.5,150.31,20.69,184.35,292.28,132.66,101.31,550.6,55.03,105.34,50.08,61.25,472.17,68.11,321.4,85.94,56859.73,1171.39,102.14,404.45,34937.13,23.45,14970.23,20963.91,42391,13458.48,370.44,280.23,251.67,48.8,97.97,120.24,29.31,119.28,4759.16,112418.9,12424.5,131.71,50.35,15072.98,15.49,43.08,102.06,80.94,181.42,546.6,204.77,339.76,1346.84,60.4,76.21,235.01,344.38,2120.23,37.47,251.03,16268.27,73.74,474.99,32.55,133.97,29.29,1519.44,930.14,3711.68,72.2,99.59,146.31,28.25
5494.61,422.73,14.13,0,0,1.8,0,0,0,0,0,1.1,0,0,1.85,0,0,0,0,0,0,0,0,0,0,0,0,0,0,0,0,0,0,0,0,0,0,0,0,0,76.55,5.02,0,0,0,21.24,0,10.83,1.7,5.87,360.19,354.27,0,0,0,0,0,6.13,0,0,0,0,0,0,0,0,0,0,0,0,332,268.84,5.07,3122.51,0,0,4.59,1.95,32.73,0,0,0,0,0,0,0,0,0.7,0,0,0,0,0,0,0,0,0,0,0,0,0,0,3.4,0,0,0,0,0,0,0,0,0,0,0,0,0,0,10.37,0.12,0,0,0,0
266.41,0.2,1.49,0.11,0.02,0.13,0.02,0.04,0.02,0.02,0.03,4.55,0,0.01,0.02,0.04,0.02,0.01,0.03,0.06,0.06,0.02,0.23,0.03,0.03,0.06,0.05,0.01,0.02,0.03,0.01,0.02,0.06,0.01,0.03,0.05,0.02,0.02,0.07,0.07,0.61,0.04,0.01,0.01,0.02,0.08,0.06,0.03,0.11,0.01,0.02,634.14,0.13,0.13,0.07,0.05,3.19,13.56,0.11,0.03,0.03,0.17,12.77,0.03,0.02,0.02,0.17,0.02,0.1,0.03,0.2,0.01,222.43,152.15,545.87,0,0.07,0.06,3.06,0.08,5.54,0.11,0.1,0.02,0.02,0.05,0.01,0.04,0,0.12,0.06,0.04,0.02,0.1,0.01,0.02,0.01,0.03,0.06,0.2,0.08,0.07,0.43,0.02,0.03,0.09,5.29,0.76,0.01,9.31,0.06,0.03,0.17,0.01,0.05,0.01,0.06,0.16,0.02,0.03,0.04,0.04,0.01
84.7,51.22,282.14,1.83,0.41,156.87,0.34,1.35,0.35,0.39,0.43,787.61,0.08,0.12,0.34,3.55,0.45,0.29,2.03,1.36,1.76,0.38,10.4,0.79,0.77,1.33,1.95,0.25,0.33,0.71,0.74,0.88,1.42,0.3,14.62,1.21,0.52,0.75,165.58,17.59,48.37,1.01,0.79,0.26,0.73,4.18,6.64,1.07,74.42,4.93,0.5,3.9,2.18,2.18,1.19,0.93,0.14,100.52,1.79,0.59,0.54,26.38,396.84,1.26,0.67,0.33,2.91,0.36,1.68,0.52,94.31,0.67,0.35,1273.45,9.67,0.06,15.95,9.63,32.1,2.27,2.44,46.64,8,0.5,0.51,1.5,1.32,4.84,0.08,3.26,1.28,1.02,0.38,3.95,0.09,0.33,0.52,0.53,1.5,3.48,1.29,1.22,235.6,0.38,0.6,2.83,1.34,180.67,58.06,33.48,1.67,0.57,2.95,0.21,0.87,0.19,1.08,125.34,5.21,0.45,0.89,0.87,0.24
2918.75,2723.29,155.92,346.16,0.02,7.47,2.45,0.04,0.02,2.03,492.85,911.62,0,0.01,0.02,0.04,0.02,0.01,0.03,0.06,0.22,0.02,2.67,1.97,0.03,0.06,3.89,0.01,0.02,0.03,3.75,1.34,2.19,0.01,69.03,0.05,0.02,0.02,368.92,270.18,9242.11,261.07,0.01,0.01,50.46,281.84,66.64,43.9,1012.64,33.03,1445.71,4049.15,105.51,27.71,0.07,8.75,15.18,633.43,0.11,552.21,1648.12,13708.69,3624.56,27.02,811.63,5.58,261.9,808.62,3783.43,0.03,2.2,0.01,394.84,1299.12,61155.99,0,0.07,7.83,346.57,0.08,5.54,280.19,55.57,0.02,0.02,0.05,0.01,0.04,0,0.12,0.06,0.32,0.02,1.19,0.01,0.02,0.01,57.45,134.53,257.45,0.08,2.59,1292.35,0.02,325.76,45.88,3897.21,21134.06,651.6,409.65,0.06,0.03,4.82,0.01,0.05,0.01,0.06,53072.31,0.02,0.03,0.04,0.04,0.01
0,0,0,0,22.28,537.48,0,8.24,51.59,4.01,1.25,503.16,2.03,0.2,410.88,37.7,3.04,64.59,3.5,2.88,8.89,0,0.24,0,29.98,0.28,5.77,0.1,0,5.36,10.43,29.15,21.37,0,0,16.54,171.48,13.05,153.73,62.37,20.13,20.67,2799.6,79.68,2204.33,583.64,3.9,7.21,78.62,8.08,0,0,0,14.41,60.33,1.83,0,0,0,0,0,0,1.39,0,0.05,0,0,0,0,0,17.18,0,0,0,2.57,2624,85.3,6645.96,506.72,175.4,0,0,0,0,0,307.4,64.25,1493.5,9.8,0,0,0,0,0,0,0,0,0,4.69,24.67,0,0.64,6648.6,0,2.57,179.67,0,16.06,0,3.26,0,24.48,0,0,0,0,4.21,0,0,0,0,0,0
1.91,28.22,8.94,15.35,44.92,196.93,4.18,9.5,7.66,38.83,6.51,6025.35,4.07,1.82,62.16,11.45,4.91,19.07,7.93,15.72,73.89,6.69,59.15,9.03,8.65,15.56,12.58,2.86,4.43,7.01,3.09,45.3,39.32,4.52,7.5,13.44,5.86,6.34,38.82,37.66,287.58,19.45,133.02,1051.3,1648.99,9525.16,30.62,391.22,410.11,637.77,528.74,21.06,11.23,11.81,40.11,4.76,0.71,389.1,23.7,7.85,4.52,24.2,2.46,4.64,2.25,3.86,49.26,6.08,28.45,8.76,2375.6,19.2,1.66,3.63,18.21,250.69,44873.54,9931.88,10353.33,2015.29,14.7,10.93,9.88,0.83,1.02,9.02,1.52,35.43,0.6,714.03,5.36,3.9,1.6,9.03,0.48,1.37,2.93,4.84,47.82,25.02,527.32,7.61,9881.2,65.24,2.9,734.58,11.77,57.24,2.09,4.48,2.02,0.83,26.13,1.89,7.74,1.72,9.63,24.41,2.99,3.27,1.42,24.52,34.53
0,0.6,0.01,0.01,22.71,210.82,2.68,30.83,7.75,28.01,9.75,3618.16,0.6,0,67.03,32.08,2.26,1.67,66.14,0.1,158.06,35.76,0.16,9.5,60.19,1.32,124.66,0.13,2.8,2.73,30.57,33.85,283.61,1.07,5.76,60.43,11.74,8.03,90.64,1405.92,664.6,24.62,293.57,239.12,16334.54,8924.78,170.07,65.89,2138.51,10.57,0,1.66,28.54,53.4,722.77,146.48,0,0.07,0.51,3.09,0.4,65.85,0,0,17.09,7.35,10.32,0,1.76,0,547.71,0,0,0,13.14,738.42,1066.45,47699.95,15594.13,23.27,0.01,32.86,0.01,0.47,44.87,119.67,23.87,211.23,1.87,10,3.94,3.07,0,0.01,0,0,0,4.29,298.4,14.61,140.8,41.71,38699.04,0.54,192.97,2665.98,0.01,2.46,0,62.77,30.41,1.74,0.04,0,0.55,0,8.92,0.02,0,0,2.34,11.67,1.13
2306.36,6596.34,2650.07,3076.31,91.08,45802.03,35.55,249.41,41.84,78.91,55.66,189064.36,11.24,15.53,35.48,108.83,41.81,32.31,56.9,134.13,201.58,44.25,506.97,77.28,73.84,171.3,205.61,23.3,34.35,58.07,39.24,58.31,202.37,30.09,68.44,120.61,53.15,54,355.18,178.31,4471.49,2251.65,95.25,49.61,88.62,1168.46,159.47,960.79,269.26,342.26,655.31,2531.68,292.53,295.01,229.32,131.96,18.27,843.7,244.65,78.96,71.89,4842.56,600.66,74.81,35.49,548.13,398.51,48.33,228.89,71.59,10651.44,496.65,310.42,742.75,2504.41,30.86,9973.86,5275.46,179116.42,3041.68,335.83,242.98,218.93,39.8,48.86,112.76,30.37,134.84,26.76,452.36,132.74,104.54,40.12,228.16,12.15,37.1,32.79,70.47,173.06,485.96,211.08,166.81,2180.27,51.47,112.59,358.56,2365.86,10882.03,556.97,167.57,139.01,60.72,397.9,28.29,116.33,25.85,145.04,5032.88,758.89,754.57,81.52,87.35,22.81
70.14,83.17,52.06,90.22,685.83,62.7,13.54,1087.9,38.5,490.48,21.27,17082.47,2.15,2.98,538.68,1277.97,23.07,398.3,672.71,51.5,1702.1,15.61,168.87,15.31,964.19,62.1,256.54,8.78,445,21.76,350.34,483.93,147.69,15.86,12.7,45.49,31.34,11.29,2259.77,62.23,532.02,64.25,1311.96,10.9,29.77,248.12,57.36,53.4,110.49,4.5,7.91,32.17,109.49,106.21,211.51,45.1,6.6,157.63,87.29,28.86,26.18,140.49,14.52,26.86,12.99,40.93,141.85,17.42,81.91,25.16,4048.81,4.27,3.96,10.29,40.2,612.54,3439.35,4907.09,47680.51,35064.12,119.06,629.59,79.98,7.76,17.23,157.7,18.08,1660.51,119.1,394.07,24.93,20.37,7.98,168.79,2.33,86.96,5.3,25.72,51.49,169.96,64.89,59.83,212.95,24.92,12.05,75.66,67.13,301.14,11.53,70.63,9299.91,15.79,143.72,10.37,42.51,9.4,368.67,133.7,21.92,21.97,16.2,18.34,323.24
319.24,2170.84,693.49,1181.7,0,0.01,0,0,0,0,105.62,81595.94,0,0,2.08,0,0,0,8.44,40.08,1986.34,8.61,42.35,0,0,0,0,0,0,0,0,0,0,0,0,0,11.19,0,1.56,0,0.04,0,0,4.6,0,4.25,4.28,0,0.01,114.62,238.88,794.97,124.57,3.05,13.24,1.26,0.15,315.09,1019.43,406.93,305.69,2457.64,188.29,319.76,199.11,210.73,2107.36,231.05,1002.36,292.37,0.01,130.91,99.41,258.96,911.48,0,0,1.53,582.28,0.01,18765.53,2480.96,2064.12,0,0,0,0,0,0,0.01,0,30,0,0.01,0,0,0,339.74,12.95,4.9,0.01,1011.99,232.85,217.56,0,1.61,1378.01,4026.35,154.96,0,18.8,0,2001.94,125.31,567.04,0.22,129.82,1763.31,390.66,289.96,0,0,0
0,1411.29,705.28,257.01,0,0.01,0,0,157.78,0,0,82091.91,0,0,23.7,1330.22,0,19.38,0,0,0,0,0.02,0,0.15,0,7829.32,0,0,0,0,0,5766.37,0,0,0,0,0,6444.98,1936.76,803.71,421.11,16.39,16.66,791.02,4337.54,11894.47,346.32,22489.87,1.59,3.41,11.14,419.37,24054.56,1439.91,1877.51,974.63,366.34,996.03,6.56,46.57,1415.09,2.5,460.93,202.01,2.96,1130.85,135.11,1491.47,356.76,1946.46,1.82,1.36,0,12.96,40.42,5789.8,80.4,13687.35,902.35,504.36,13402.97,733.97,198.77,212,435.19,105.85,438.85,43.7,1130.45,612.16,426.6,0,0.01,0,0,0,4.77,21525.73,8492.52,3454.51,201.01,43712.4,33.28,1222.68,7887.28,0.01,1.16,1.88,687.87,0,247.41,2693.13,18.35,9.04,10.6,62.64,25.01,289.01,259.53,353.63,0,0
1.54,31.86,12.55,12.73,6.38,36.01,180.13,361.5,4.38,294.3,107.92,76397.22,1.25,1.71,156.14,429.05,186.6,128.03,1602.97,96.19,15.12,618.57,362.26,9.21,52.75,8.61,468.33,2.8,4.05,2.97,3.18,4.41,548.47,21.54,307.87,13.89,252.91,2.8,90.36,646.39,6015.6,6.11,109.14,111.09,187.02,766.78,641.89,8.4,1060.29,1.2,2.5,8.33,530.12,34.45,38.34,14.65,2.06,3.07,14.83,3.99,3.63,19.42,1.97,3.72,4.07,2.21,19.6,2.42,25.66,3.48,23.19,1.37,1.04,2.68,9.55,0.88,706.73,603.07,5602.91,22.18,3181.59,1638.76,15284.24,2.05,2.53,71.96,17.39,4.53,7.2,186.92,15.05,5.08,4.81,27.67,0.63,1.78,1.69,3.56,6.94,55.3,125.39,8.22,649.04,2.59,5.38,836.59,9.03,41.6,1.6,8.21,7.2,2.95,20.06,1.44,1293.38,112.83,2989,18.53,2.77,3.04,4.21,4.49,1.18
3.95,58.39,18.5,31.75,7.13,61.51,4.78,10.87,4.88,4.56,7.46,1341.44,212.14,2.09,4.77,13.11,5.62,26.45,7.55,18,16.81,5.49,67.74,10.34,9.9,17.43,14.31,3.13,4.62,7.7,3.54,4.95,16.75,4.05,8.59,15.39,6.71,7.26,60.12,132.83,1795.93,12.97,3.32,3.38,5.69,115.03,19.23,9.38,31.76,21.02,43.83,146,37.86,37.73,20.62,16.05,2.38,7.88,30.99,10.26,9.29,49.72,5.05,9.53,4.61,5.65,50.41,6.23,29.11,45.69,59.45,3.52,2.69,6.89,24.59,1.09,21.08,829.95,525.67,165.71,42.16,31.34,28.33,1126.99,3508.15,13.44,3.27,103.69,9.15,260.38,16.69,13.11,7.23,30.35,1.63,6.67,16.83,62.44,18.74,60.51,22.49,21.18,125.57,6.68,8.08,25.39,23.22,106.92,4.12,281.14,1774.75,22,51.06,3.69,15.13,3.37,37.14,47.51,7.13,7.81,1970.47,644.24,45.16
7.2,106.45,33.73,57.88,12.98,131.21,8.7,19.79,8.88,8.3,13.57,2457.41,413.82,3.8,8.69,23.87,10.23,7.12,13.74,32.77,30.61,9.99,123.31,18.82,18.03,31.72,26.05,5.7,8.41,14.01,6.45,9,30.48,7.37,15.64,28.02,13.47,13.21,100.68,35.64,1150.8,23.62,6.05,6.16,10.37,41.83,35.03,17.08,57.85,5.63,11.73,39.01,69.02,68.79,72.65,29.26,4.34,14.37,56.5,18.71,16.95,90.7,9.22,17.39,8.42,10.32,91.9,11.35,53.08,16.34,108.43,6.42,4.89,12.56,44.82,1.99,38.42,32.73,251.38,44.32,76.9,57.17,51.67,40.26,915.29,47.67,7.53,21.4,2.46,112.51,31.76,43.49,9.78,198.89,2.96,11.51,11.02,16.72,32.58,110.27,40.98,38.61,228.84,12.17,14.72,46.27,42.33,194.93,7.51,1689.46,713.04,15.35,93.08,6.74,27.58,6.14,34.29,86.61,13.01,14.25,302.4,1513.95,42.79
0,0,0.36,0,225.87,34078.94,1267.42,257.13,2400.13,72.96,17.1,4927.42,262.95,0.3,296.41,2554.33,579.17,44.61,148.91,9.98,579.54,84.48,3.18,49.42,76.31,40.21,37.6,613.34,610.88,57.39,40.97,1145.16,82.7,44.03,250.24,11.36,678.8,1.03,398.05,114.11,10.88,11.93,267.97,29.78,3892.2,439.84,1.53,1.93,3142.69,0.03,0,1.91,6.35,946.16,151.05,107.47,2.06,420.55,0,0,0,0,0,0,0,0,0,0,0,0,0,0,0,0,0,139.97,5403.34,2114.68,640.44,735.9,0,14.34,31.01,0,303.87,25135.28,4175.81,3817.88,298.4,612.58,0,320.87,0,0,0,1.3,0,0,123.85,988.62,0,0,8867.4,0.5,41.06,82.43,0,0.2,1.6,100.7,953.53,12.18,0,2.99,10.31,1.49,9.67,0,0,0,0,963.67,0
0.03,0.39,0.12,0.21,40.9,10780.95,32.9,520.17,868.58,10.54,2.38,24276.21,1231.74,30.37,47.19,731.78,7.98,188.61,162.4,16.69,1179.53,5.69,5.19,25.4,123.26,26.9,194.79,166.01,42.6,92.56,54.67,154.92,55.11,184.28,427.74,6.97,564.02,83.38,4971.67,9.95,7.36,8.85,297.38,10.67,94.99,311.45,69.98,3.13,12.33,29.37,0.04,0.14,292.64,0.25,704.83,0.11,0.02,1791.87,0.2,0.07,0.06,3.44,0.03,2.14,0.03,0.04,0.33,0.04,0.19,0.06,1.73,0.02,0.02,0.05,0.16,22,10.08,199.34,280.07,124.79,0.28,26.42,9.4,0.03,0.04,2543.49,9689.79,1482.37,134.98,667.13,123.21,0.09,0.04,905.8,0.29,150.55,0.03,0.06,2.55,0.4,0.15,885.63,4234.49,0.04,140.1,104.88,0.15,0.71,0.03,94.98,0.12,80.65,0.34,0.02,0.1,0.02,0.12,0.31,0.05,0.05,0.07,0.21,0.02
0,3.1,0,0,931.29,26572.18,353.36,609.35,692.61,1179.37,480.25,7865.59,310.49,5.25,3817.06,3437.3,21.72,89.22,244.42,95.05,1276.01,121.25,49.25,43.3,291.74,10.86,1336.12,865.43,619.19,80.04,388.42,429.14,386.29,15.27,1036.81,18.66,4205.83,12.28,475.21,350.07,215.04,17.63,2573.15,431.86,7068.22,1582.32,40.55,14.26,663.22,1.47,0,1.74,2,36.98,290.06,51.94,0,0,1.47,0,0,0,0,0,0,0.15,5.79,0,0,2.01,145.61,0,0,2.3,1.82,209.17,9.84,854.95,1475.55,1303.36,0,376.01,5.7,0,0,10085.93,993.72,59768.3,239.96,1533.4,483.96,0,0.23,0,0,91.32,0,0,65.03,5.66,332.42,0,57422.67,1.93,581.61,3508.12,0,1.07,0,181.26,0,5.67,0,0,0,0,0,0,0,0,0,0,0
0.03,0.39,0.12,5.02,0.05,13.48,0.03,0.07,34.3,0.03,0.05,53.73,1.08,0.01,12.19,0.09,10.97,6.33,5.44,0.12,0.11,0.04,0.44,3.41,4.24,2.57,0.09,0.02,9.7,26.33,0.02,5.25,0.11,0.03,4.6,0.1,8.5,0.05,0.39,3.2,3.16,1.33,51.38,8.44,0.04,39.96,0.13,0.06,2.56,0.02,0.04,0.14,0.25,0.25,0.14,0.11,0.02,0.05,0.2,0.07,0.06,0.33,0.03,0.06,0.03,0.04,0.33,0.12,0.19,0.06,0.39,0.02,0.02,0.05,0.16,36.82,6.75,19.52,32.51,167.58,0.28,0.21,0.19,0.03,0.04,858.28,892.14,274.75,691.72,6039.56,0.44,0.09,0.04,1208.57,0.01,0.03,0.03,0.06,0.12,0.4,0.15,0.14,11.98,0.04,0.05,3.17,0.15,24.78,0.03,53.67,5266.71,0.05,0.34,0.02,0.1,0.02,0.79,0.31,0.05,1.41,0.07,0.08,0.02
739.22,5.68,1.8,167.87,36.67,32.97,0.46,1.05,0.47,0.44,0.72,300.25,0.14,0.2,0.46,1.26,0.54,0.38,0.73,1700.34,1.62,0.53,6.53,1,0.95,1.68,1.38,0.3,0.44,0.74,0.34,0.48,1.61,0.39,33.25,1.52,0.72,0.7,196.31,100.87,17.43,66.85,0.32,0.33,0.55,2.22,99.13,48.35,163.69,0.3,33.32,110.96,3.68,195.48,11,1.56,0.23,1309.5,160.63,53.22,48.28,4.85,26.23,0.93,24,29.36,4.9,0.61,150.82,46.4,5.8,0.34,0.26,0.67,127.17,0.11,2.05,1.74,4392.36,8697.99,4.11,2024.29,2.76,12707.31,15629.56,1540.5,298.25,3.13,3646.32,117906.06,42684.72,31457.45,12870.52,81171.05,3969.3,2.38,10549.74,0.89,1.73,5.87,116.24,2.05,649.11,34.5,0.78,2.46,120.35,554.15,21.29,48504.25,44706.15,18248.75,4.96,19.13,78.33,0.33,2546.13,246.05,52.3,40.42,26070.39,27769.86,7312.83
30.03,37.85,0.07,0.07,0.89,82.49,450.78,11.17,0.89,0,959.95,1277.12,0.44,3.74,0,0.65,2.89,14.62,10.26,3.39,55.16,537.24,95.22,969.94,26.25,302.21,0.15,10.76,1.04,5.89,0.07,0.07,0.07,6.2,3.33,1844.1,42.01,5.4,104.31,0.07,50.95,0,0.07,4.28,0.07,1.07,1.3,0.07,17.51,0,0,0.65,0.15,22.8,2.68,0.15,0,0,1.3,0,0,1.01,0,0,0,0,5.72,0,0.07,0,11.15,0.07,0,3.62,0.22,5.53,25.55,19.76,1238,3754.08,0.15,0.15,0.07,1.93,65.33,5.36,21,6.33,4.43,1458.95,45877.05,515.86,2.14,66.1,25.58,24.34,3.69,0,0.07,1.96,1.16,0.29,25.47,0,0,0.48,0.07,1.67,0,396.16,5216.92,166.52,0.15,0,0,0,561.12,21.71,3.47,0,41.39,159.51,602.07
0.01,0.1,0.03,0.05,0.01,7.36,0.01,0.02,456.59,0.01,0.01,5.59,139.21,194.99,0.01,0.02,0.01,0.01,126.95,0.03,0.03,0.01,0.11,0.02,0.02,0.03,0.02,330.77,0.01,0.01,0.01,0.01,0.03,491.47,0.01,0.03,644.88,704.29,62.23,0.03,0.31,0.02,0.01,0.01,0.01,0.31,0.03,0.02,0.05,0.01,0.08,0.04,0.06,0.06,0.04,0.03,0,0.01,0.39,0.08,0.08,0.09,0.01,0.02,0.01,0.01,0.09,0.08,0.38,0.08,0.1,0.01,0,0.08,0.31,1.8,0.24,0.23,285.43,147.74,0.07,0.05,0.05,26.83,33.05,0.16,0.01,0.15,0,38.4,94.79,4495.98,11.28,19.92,137.56,8.44,260.9,0.02,0.03,0.77,0.3,0.24,1.68,0.01,0.01,0.04,0.31,0.18,0.01,105.98,101.87,1761.94,0.09,0.01,0.16,0.01,0.57,0.61,0.08,0.08,120.56,61.65,19.84
0.02,0.24,0.08,0.13,0.03,1406.16,0.02,0.05,7.57,0.02,0.03,111.96,0.01,0.01,0.02,0.05,0.02,0.02,0.03,0.07,0.07,0.02,0.28,0.04,4.47,439.62,0.06,0.01,0.02,13.85,0.01,0.02,0.07,0.02,0.04,0.06,0.03,7.36,12.81,0.08,0.75,0.05,0.01,0.01,0.02,0.1,0.08,0.04,0.13,0.01,0.03,0.09,0.16,0.16,9.44,0.07,0.01,0.03,0.13,0.04,0.04,0.21,0.02,0.04,0.02,0.02,0.21,0.03,0.12,0.04,0.25,0.01,0.01,0.03,0.1,0,0.09,0.08,0.57,0.1,0.18,0.13,0.12,216.29,0.03,0.06,7.03,0.05,0.01,17.85,0.07,5.09,3111.84,73.7,50.6,102.7,193.33,0.04,0.07,0.25,0.09,0.09,0.52,0.03,0.03,28.44,0.1,0.45,0.02,820.21,8.91,2.67,0.21,0.02,0.06,0.01,0.08,0.2,0.03,0.03,0.05,8.91,0.01
0.17,686.27,98.63,1.69,0.3,3569.42,3.84,55.21,28.79,23.13,91.41,17707.89,0.9,10.61,24.23,66.56,534.46,19.82,80.84,10.73,85.55,2.22,7315.94,5.27,51.52,15219.2,115.89,12.76,23.91,11.86,17.97,25.06,85.14,48.54,43.71,276.07,42.04,10.82,248.26,1.03,976.6,0.69,16.93,17.21,29.05,117.09,1.02,0.47,1.69,16.2,0.28,1.12,1.62,2.01,132.8,82.39,12.18,0.4,1.33,0.44,0.4,256.46,0.22,49.15,0.2,0.31,259,31.87,1.25,0.38,312.56,18.03,14.07,51.05,1.05,5.58,107.93,91.96,2968.2,132.71,1.81,755,1.22,7.56,9.28,84.93,198.8,61.35,107.65,4113.44,719.65,514.41,7.36,30393,210.27,636.06,13956.94,46.94,91.61,309.48,0.96,108.34,5.36,0.35,41.37,130.09,0.99,32.39,0.18,382.03,29867.45,278.56,262.31,0.16,0.65,0.14,2026.55,2.03,0.31,0.33,15.53,466.63,4.33
442.22,107.9,0,0,0,87.64,0.86,0.07,8.74,1.6,0,2518,0.37,0.74,0.62,3.22,1.42,0.99,5.99,2.67,0,20.99,357.61,3.15,2.66,244.52,9.38,0.49,0.86,2.29,0,0,0,0.49,0,0,15.21,16.25,82.23,0,266.67,12.72,0.37,0.62,1.85,5.93,11.6,3.21,0,0,0,30.74,6.7,8.77,10.99,28.65,4.3,14.6,0,1.48,1.6,22.47,0.86,2.35,0.62,0.74,14.69,1.23,7.65,18.13,46.17,2.4,0,0,6.42,0.25,85.68,124.94,95.91,5.06,14.05,5.64,4.65,0.99,564.85,0,2.26,0,4.03,28.75,27,352.35,43.97,71.96,895,14.04,30.81,1.48,57.8,23.83,30.99,6.05,310.37,12.23,39.01,21.98,3.58,0,0.49,768.01,19.01,531.17,10.86,0.49,27.22,6.03,809.13,327.78,51.73,0,81.8,268.01,1608.26
0.15,0.2,0.06,0.11,0.02,617.93,24.04,2.7,1.38,0.02,0.02,2036.98,17.38,14.45,5.56,5.24,28.28,0.01,0.03,90.71,0.06,27.6,6843.59,66.25,0.03,1398.31,0.05,17.38,0.02,53.13,0.01,0.02,0.06,20.35,0.03,89.3,0.98,47.37,20.49,0.07,0.6,0.04,0.01,0.01,0.02,0.08,0.06,0.03,0.11,0.01,0.02,0.07,192.55,0.13,126.39,0.05,0.01,0.03,0.1,0.03,0.03,0.17,0.02,0.03,0.02,0.02,0.17,0.02,0.1,0.03,0.2,0.01,0.01,0.02,0.08,18.2,1,0.06,445.19,0.08,215.16,0.11,148.33,0.02,0.02,5.01,50.48,10.22,2.41,69.21,133.43,1.51,76.21,630.49,64.1,5102.19,440.55,0.03,0.06,0.2,0.08,0.07,0.67,0.02,0.03,0.08,0.08,0.36,0.01,137.34,5.79,0.03,0.17,0.01,0.05,17.14,2567.3,0.16,0.02,0.03,223.37,57.27,0.01
0,0.05,0.02,184.76,10.75,565.71,0,9.14,0,0,52.04,25099.55,1.71,0,0,1.28,0,0,0.01,0.01,45.2,569.71,0.06,0.01,0.01,0.63,0.48,0,0,2.52,2.35,14.98,33.97,0,3.46,36.74,1.69,0.01,82.65,18.06,0.15,0.01,0,0,0,1.35,0.02,0.07,53.06,0,0.01,0.02,0.5,0.03,5.42,6.41,0,1285.28,8.79,0.01,0.01,0.04,0,0.01,0,0,0.04,0.01,0.02,0.01,0.05,0,0,0.01,0.02,0,5.55,3.95,9.25,10.22,0.04,0.03,0.02,440.4,198.3,3.41,16.48,16.2,0,448.17,40.65,40.65,327.79,293.39,22.47,372.17,11677.67,0.01,0.01,0.05,0.75,49.55,1.49,4.54,5.61,0.02,0.02,0.09,1.2,1904.48,692.95,28.47,0.04,0,0.01,0,1.75,0.04,4.87,46.01,809.78,29.94,2.49
70.67,930.23,826.02,4.59,256.98,0,0,119.05,23.71,80.04,55.71,440.75,0,0,15.88,114.77,1.33,0.77,15.18,7.57,124.57,5.2,11.43,2.04,1.66,10.58,154.47,0,0,30.66,0,0.23,460.21,0.19,11.7,0.95,17.82,0,33.26,151.12,546.86,191.71,38.24,15.01,4008.72,179.4,3047.53,10.9,583.36,2.28,0,51.71,118.29,322.02,79.74,354.38,144.13,2.6,3.35,30.93,1071.72,644.21,10.79,107.36,349.57,2963.6,550.12,9.03,87.72,526.55,0,0,0,0,70.27,3.52,0,10.71,4.45,0,5.31,259.86,14.76,0,0,0,2.37,3.72,0,0,0,0,0,0,0,12.62,0,28246.76,2612.69,6394.34,4866.83,5006.38,74673.71,1548.92,338.49,1069.73,203.04,1175.24,5.49,0,0,0,24.16,4.95,0,0,4.16,27.46,0,177.2,0,0,0
22.6,8.06,161.46,0.01,137.66,0,1.06,0.52,4.07,528.31,95.5,7922.08,0,0,11.69,2541.96,77.77,73.69,37.41,0,38.14,125.89,1.21,0,13.29,0,2948.24,1.2,0,0,9.72,27.99,328.85,10.34,0.69,70.95,7.77,0,122.2,1235.81,1191.6,624.09,0.69,2.46,115.02,38.57,313.65,1.7,515.45,0,0,1.78,20,161.47,29.63,350.65,0,0,0,1.15,18.87,7.19,0,0.73,0.72,19.98,0,0.17,7.47,0.41,0,0,0,0,0,0,0,12.85,0.3,0,0,20.88,1,0,0,0,0,0.15,0,0,0,0,0,0,0,0,0,453.63,38172.97,1972.84,2722.82,30.33,234020.55,15.51,1655.26,3139.16,529.07,5.69,136.33,0,0,0,5.92,1.94,1.89,0,113.05,244.45,0,0,0,0,0
0,28.08,11.28,0.03,54.96,0.05,6.98,5.54,1.96,0.01,0.01,1257.31,0,0,2.84,68.18,2.25,3.33,19,0.02,87.92,0.01,0.09,0.01,0.05,2.39,112.03,0,0.01,0.01,4.26,1045.11,93.06,0.01,0.01,0.33,2.62,0.01,4.66,62.75,1695.95,27.05,35.78,5.38,163.51,66.6,853.85,0.01,232.43,125.04,207.7,413.41,303.87,1588.93,240.83,311.19,0.3,0.07,0.42,0.01,270.74,35.69,1.97,29.43,0.73,48.24,1896.84,4.97,12.81,209.86,0.05,0,0,0.01,0.02,14.67,6.38,198.2,32.06,0.06,2.92,293.63,1.86,0.01,0.02,0.02,0,2.46,0,6.83,0.02,0.01,0.01,0.03,0,0,0,905.32,4271.25,52532.04,3787.62,2041.77,72869.57,4278.15,252.09,797.49,2.08,2372.58,0,0.03,0.03,0.01,1102.66,83.8,335.48,0.86,663.73,29.24,0.01,0.01,0.02,0.02,0
0,6.3,335.44,1221.99,169.82,325.37,13.09,10.31,0,8.01,3.48,2441.19,0,0,2.95,32.24,0,1.52,44.7,0,24.87,2.04,0,0,7.12,2.95,216.6,0,0.38,1.25,6.49,225.77,189.74,1.43,0,1.43,6.47,0,570.19,360.31,239.08,18.1,9.35,8.72,117.67,736.23,3756.9,8.65,360.13,1.73,0,0,47.66,288.59,20.09,118.65,0,37.68,2.64,0,219.25,2575.47,114.96,478.95,362.99,126.17,2.8,134.27,615.51,0.32,2.14,0,60.8,151.33,309.94,5.57,27.21,29.5,1.6,0.05,0.21,1.93,3.71,0,0,0.75,0,8.98,0,7.92,1.97,0,0,0,0,0,0,1648.33,3296.1,6451.81,51865.24,333.57,209280.63,805.22,177.03,1972.78,586.89,5696.78,177.72,0,0,0,0.5,0,0,0,1260.13,1030,1054.07,0,0,0,0
0,0,351.11,29.19,282.01,0,12.93,0,4.02,0,228.05,10018.33,0,56.1,15.79,653.43,6.05,3.2,87.14,11.34,147.57,2.47,0,0,13.45,0,4550.85,0.82,2.74,2.85,0.04,17.1,129.4,0,5.91,2.57,18.1,0,1015.87,98.78,39.59,90.86,28.23,8.05,6.6,39.73,86.44,0,116.6,0,0,0,22.17,323.46,86.48,73.08,0,1275.38,2935.77,20.89,502.54,227.48,3.63,132.99,341.59,11.22,3557.56,0.01,32.3,664.15,4.58,0,0,0,19.99,1.44,1.36,83.24,608.83,0.05,230.69,2682.6,4.15,0,0,0,0,3.54,0,143.95,0,0,0,0,0,0,0,919.79,254.03,6332.1,569.57,34016.77,45132.77,2634.52,148.24,642.43,24.21,817.93,0,0,0,0,226.08,0,12.37,0,150.49,0,0,0,0,0,0
89.92,7291.27,2480.96,1627.37,5618.67,373.24,37.65,111.89,35.72,4320.74,44.3,251842.87,8.67,12.29,397.31,252.21,46.05,59.41,1357.16,619.98,1603.95,32.27,1045.11,60.85,85.92,102.51,1447.65,18.43,60.38,45.29,1183.64,210.36,7765.51,28.99,6626.63,844.53,421.04,2430.04,9108.56,10099.6,11717.92,2563.25,257.44,2488.34,111.99,6106.72,8316.06,524.74,7778.9,198.88,22.95,3896.17,2221.78,5912.84,1326.47,6734.46,138.57,477.92,155.88,563.86,5833.8,2967.15,15.54,3610.54,3387.82,380.72,2801.27,343.5,2226.75,1737.93,4977.13,10.27,229.11,442.87,3525.21,66.38,273.27,21591.18,7561.46,93.1,3024.77,5022.56,966.09,68.55,84.3,865.59,184.34,735.69,76.12,4250.35,1125.17,1629.46,23.16,2721.56,90.08,169.78,241.97,4506.63,6838.2,14899.64,14127.87,4868.34,2426759.74,2753.18,7049.33,6301.94,97.24,4827.38,14.93,130.2,1063.44,435.46,2840.03,206.66,305,160.43,4404.55,4998.48,79.39,901.54,78.6,659.73,22.05
0,43.51,9.23,0,297.79,0,0.1,2.64,0.4,0,2.37,446.23,0,0,5.08,104.79,5.58,2.17,32.01,6.51,66.26,1.43,0.05,0,2.77,24.6,102.89,0,0.25,0.35,0.05,156.61,127.76,0,4.34,0,4,0,80.4,104.51,79.14,34.8,24.87,0.4,22.33,48.39,317.17,0,163.82,0.2,0,0,1640.67,1152.33,229.07,167.35,3.24,12.46,706.63,539.54,8.16,50.8,2.55,2.17,2.89,5.58,55.56,0,0.87,37.98,0,0,0,0,7.86,0,4.15,20.12,1866.67,14.2,5,167.1,4.6,0,0,0.15,2.77,0.25,0,0,0,0,0,0,0,0,0,356.55,407.18,6088.91,1154.19,2221.35,36208.19,17339.35,267.56,976,14.37,13.87,0,0,0,0,20.33,30.29,10.53,0.15,5.46,0,0,0,0,0,0
331.54,0.09,1.56,3.78,142.93,0.1,0.38,0.03,4.1,47.05,209.18,5424.47,0,0.01,1.17,32.76,0.01,0.01,94.45,2.14,68.86,0.01,0.22,0.03,6.31,19.34,1442.19,0.01,0.01,0.02,152.87,1332.69,6082.66,70.83,125.75,0.04,47.71,0.02,1526.47,6915.09,10145.71,86.48,0.05,134.01,227.61,1409.28,3938.64,28.42,3493.69,0,0.01,0.03,1.08,2482.49,1621.46,311,0,1705.94,0.04,0.01,0.01,10.61,0.01,0.01,0,0.01,51.34,0.01,4.38,0.01,3683.67,0,0,0.01,10490.78,0,11711.02,9592.67,18083.96,0.04,167.58,1012.78,201.96,0.03,0.04,0.03,0.01,0.62,1,13.27,0.05,0.02,0.01,0.06,0,0.01,0.01,225.38,8821.17,6720.44,6850.38,1179.79,110656.46,49.38,24335.58,14447.02,0.03,727.7,0.01,0.06,0.05,0.02,0.08,2.34,22.62,0.01,411.76,0.07,0.01,4.02,0.04,0.04,0.01
1.53,44.91,9.35,12.29,1548.38,511.27,12.77,257.54,139.17,3473.82,43.81,6430.66,32.65,1.46,1827.83,1356.1,62.22,37.05,518.68,30.51,344.95,20.27,53.06,13.52,34.73,28.99,3473.39,81.3,12.3,112.97,612.94,193.23,1744.49,12.98,1103.85,13.64,256.31,28.97,695.12,1090.7,446.39,21.34,55.97,1984.32,1187.86,537.65,94.03,10.54,1647.27,1.72,3.59,11.94,99.81,114.21,39.95,49.43,0.57,12.56,38.13,6.29,9.46,27.41,1.97,3.77,4.11,6.8,113.35,4.9,30.06,7.09,1348.34,0.76,1.01,2.59,11.06,38.82,16.08,248.74,53.45,5.29,13.62,8.75,10.84,0.67,0.82,10.76,125.61,419.63,0.48,9.02,70.68,77.92,5.7,7.23,0.39,1.1,1.04,117.29,2988.39,146.32,255.5,22.73,323526.41,9.47,10218.69,113721.09,10.39,44.84,1.67,4.55,1.61,0.66,51.18,1.86,52.81,5.37,21.75,31.24,2.39,2.62,1.14,1.21,0.32
134.68,1492.46,93.96,48.06,0.79,1260.06,130.68,297.22,133.34,124.61,203.83,21171.46,40.27,57.07,130.48,361.4,153.61,106.94,0.01,0.03,459.63,0.01,1359.86,282.62,270.69,476.3,395.55,85.61,126.28,210.41,19.15,0.01,3.85,110.61,140.37,420.76,183.55,198.41,12795.85,601.59,5032.53,355.96,91.21,102.54,156.28,685.56,564.5,257.48,923.89,107.31,70.68,596.84,105.03,116.62,0.13,0.03,0,445.21,0.06,0.02,2.02,2176.03,1721.8,15.11,0.01,0.01,0.1,0.01,0.06,0.02,1676.92,97.34,73.98,166.34,8331.29,30.14,581.04,494.97,5276.85,670.65,4.43,84.31,240.39,145.68,179.21,367.89,89.54,321.62,36.94,1234.87,454.96,360.56,147.54,838.19,44.67,126.48,130.31,28.62,492.03,3.78,0.04,0.04,3778.54,0.01,9.28,788.47,3629.42,1714.5,151.89,582.77,510.7,209.15,9.51,0.01,273.14,0.01,0.04,1551.18,0.01,0.01,298.89,318.16,83.81
220.19,1608.93,5398.4,4159.79,0.03,689.22,11.42,26.05,21.2,18.77,0.03,44816.17,3.49,4.99,11.42,31.99,0.02,9.37,2.52,0.06,1.99,0.09,0.24,24.75,23.72,43.77,558.22,7.45,11.07,18.46,0.01,0.02,626.4,9.64,7285.98,36.95,16.07,17.36,4034.94,179.59,1115.94,31.17,8,8.14,13.67,413.7,872.57,26.52,98.28,7.6,69.08,4635.01,84.04,1290.75,742.28,608.89,65.61,353.55,0.11,0.04,286.54,3332.93,3497.59,45.04,3.3,170.34,387.62,2.93,48.38,3.59,0.22,0.01,11.94,354.18,35581.11,2.6,4960.8,43.41,2625.95,58.79,240.45,387.27,40.31,12.78,15.72,32.27,7.79,28.17,3.88,359.37,39.86,31.58,12.92,88.28,4.7,11.07,10.53,308.46,521.36,1817.74,713.18,4.2,19869.2,183.89,282.61,223.73,1385.86,64588.84,327.73,57.86,44.78,18.32,0.28,0.01,0.06,0.01,1.64,12473.74,4035.99,1501.16,26.18,27.89,7.31
0,81.54,62.47,29.67,0,0,0,0,0,0,0,35,0,0,0,0,0,0,0,0,0,0,0,0,0,0,31.23,0,0,0,9.77,0,25.81,0,158.77,0,0,0,0,60.7,153.19,0,0,0,0,105.66,19.39,0,0.21,0,0,30,0,3.9,0,0,0,219.49,0,0,1.07,2159.76,1777.39,14.7,0,0,0,0,0,0,0,0,0,358.69,64.95,0,2.03,0,0.2,0,0,464.35,566.63,0,0,0,0,0,0,0,0,0,0,0,0,0,0,9.84,0,0,0,0,1260.01,0,3.81,143.45,942.81,3731.85,124.27,0,0,0,0,0,0,0,0,179.96,0,208.84,0,0,0
15.33,187.21,46.6,103.27,23.34,1087.13,19.67,105.6,12.13,18.87,19.4,3436.08,80.8,9.03,50.33,129.67,23.27,16.13,31.87,86.81,81.27,22.67,2426.37,197.34,98,150.87,59.14,89.4,48.73,208.2,14.8,12.6,69.2,16.67,43.74,63.8,173.68,19.4,165.89,94.54,1085.78,116.4,14,16.27,56.67,238.81,204.2,77.74,337.47,9.8,4.4,14.74,104.41,227.27,200.67,51.2,7.53,10.6,77.67,92.27,84.13,160.07,16.2,27.47,41.73,51.13,118.14,56.13,262.61,44.07,1227.74,6.73,15.53,44.73,16.87,3.47,54.14,149.47,425.69,141.74,70.47,52.47,47.4,54.07,276.01,364.6,172.8,332.56,51.8,706.61,55.81,41.56,120.54,979.83,39.11,146.65,158.08,44.4,159.34,241.21,231.6,107.94,547.83,16.73,15.4,253.41,151.07,342.88,10.33,51090.24,254.57,112.73,119.34,17.87,38.2,0,120.07,153.01,19.27,19.67,314.81,12710.94,216.31
0,0.07,0.02,0.04,0.02,3093.69,0.01,0.02,110.42,2.48,0.22,201.15,5.87,0,0.01,0.03,0.01,2.68,0.02,0.04,2.7,0.01,13305.34,2138.49,0.02,0.04,9.76,0.01,0.01,2328.38,0.01,0.01,11.44,0.01,0.02,6.57,0.01,1.12,100.84,0.03,479.85,0.02,59.14,19.54,0.01,0.04,0.03,0.02,0.06,0,0.01,0.03,0.05,0.05,0.03,0.02,0,0.01,0.04,0.01,0.01,290.51,0,0.01,0,0,0.07,0.01,0.04,0.01,376.46,0,0,0.01,0.04,6.33,371.9,0.02,2445.91,292.1,0.04,0.03,0.03,1705.07,1993.4,0.03,0.77,0.02,0,679.22,2069.11,19.51,33.34,16.33,5.83,1.97,5.35,0.01,0.03,0.09,0.03,0.03,0.19,0.01,0.01,0.04,0.03,0.13,0.01,2355.38,4572.06,104.66,0.07,0,0.02,0,0.02,0.06,0.01,0.01,3990.02,1877.37,354.51
0,0.01,0,0,0,62.85,0,1.93,0,0,0,58.39,0,0,1.67,0,0,0,0,0,4.25,0,0.08,0,0,0,0,0,0.46,0,0,0,0,0,0,0.22,12.37,3.12,64.68,0,0.03,0,0,0,0,0,0,0,0,0,0,0,0.01,0.01,0,0,0,0,0,0,0,0.01,0,0,0,0,0.01,0,0,0,0.01,0,0,0,0,0.94,0,0,976.95,16.67,0.01,0,0,0.53,0,0,2.29,0,38.62,11.02,17.67,947.75,15.01,7.35,69.57,21.17,7.27,0,0,0.01,0,0,0.02,0,0,0,0,0.02,0,4872.48,600.14,7677.7,0.01,0,0,0,0.05,0.01,0,0,226.35,77.14,95.42
0,129.53,294.16,140.13,11.57,0,2.37,0,26.95,0,3.66,1707.85,0,0,23.36,0,0.29,1.43,17.38,0,91.95,1.48,0,0,0,1.62,8.2,0,15.21,0,5.31,27.9,41.32,4.44,580.76,0.66,167.15,0,67.95,35.8,20307.66,241.95,17.69,7.39,43.19,66.61,242.77,17.61,337.03,33.09,0,10.03,3690.23,356,469.48,129.45,48.2,250.42,2198.32,343.83,181.47,660.52,57.65,307.65,369.3,174.91,14012.76,83.47,449.9,132.08,284.53,0,0,0,2528.93,16.02,212.93,240.03,1375.8,245.73,1361.78,355.78,673.18,0,0,0,7.57,26.05,0,38.29,0,0,0,0,0,0,0,183.36,139.82,13630.84,253.03,2987.76,299.7,1647.93,58.97,85.6,0,947.91,3.2,0,0,0,28467.47,103.28,1664.49,84.39,2537.5,12.63,0,0,0,0,0
0,0,10.09,0,45.52,0,0,0,0,0.2,1.2,372.25,1.36,0,49.39,0,3.12,4.78,8.96,0,10.44,2.84,4.45,0,0,0,47.8,0,1.53,0,0.04,35.25,36.23,2.58,19.2,18.24,32.35,0,30.91,16.37,39.6,122.69,102.02,1.96,14.3,61.44,92.09,0,68.49,0,0,0,394.39,4660.2,356.62,189.86,9.04,0,3.98,0.7,5.37,13.17,1.46,6.11,13.01,4.69,5.53,0,0.03,0.15,0,0,0,0,0,2.92,3.93,19.67,1.82,2.04,20.52,0.53,4.07,0,0,0,0.24,4.9,0,0,0,0,0,0,0,7.27,0,46.57,91.22,89.37,44.25,73.72,224.87,149.4,147.71,113.96,0,0,0,0,0,0,187.31,1653.03,461.06,18.69,72.39,0,0,0,0,0,0
0.07,2.66,32.5,14.77,149.11,0.72,4.21,2.09,27.74,1.23,9.4,890.94,2.31,0.04,45.3,3.8,74.3,5.16,21.2,1.55,86.62,34.95,1.23,0.19,20.71,15.83,19.28,3.21,88.68,34.44,0.11,89.46,105.64,10.26,100.33,8.42,102.84,2.72,167.18,82.93,217.01,241.25,40.26,3.08,44.54,163.01,93.92,3.26,75.33,3.61,0.12,2.34,5015.91,6868.27,1387.24,791.53,18,3.32,310.25,28.47,71.84,61.68,10.34,60.28,77.06,15.85,108.12,0.11,23.81,1.06,1.09,0.06,0.05,0.13,20.23,9.25,5.78,57.66,2.77,0.45,981.65,2662.38,28.75,0.1,0.12,21.85,4.45,50.5,0.02,11.38,0.3,0.24,0.1,0.55,0.03,1.53,0.08,59.62,265.14,168.01,148.8,345.57,458.32,89.65,187.64,371.64,0.43,1.96,0.08,0.39,0.34,0.14,295.45,528.21,12922.65,337.23,3751.23,0.87,0.13,0.14,0.2,0.21,0.06
0,0,1.71,2.47,20.63,0,22.62,48.47,27.03,0,0,9675.13,0,0,12.77,0,1.85,0,112.76,12.48,18.54,0.43,546.13,0,44.13,0,9.93,13.93,26.08,6.52,3.39,34.03,23.81,0,257.43,0.21,39.61,0,205.69,14.41,2702.84,95.36,12.89,0,0,157.94,94.67,171.84,165.13,13.87,28.93,96.4,10774.78,619.18,539.85,288.63,9.29,0,0,0,42,23.7,24.58,0,1.98,25.53,40.53,0,1.12,0,268.53,15.87,7.8,0,1799,9.09,94.8,96.38,616.8,109.47,12.86,544.16,350.23,0,0,62.17,0,13.55,0,0,0,0,0,0,0,0,0,50.97,294.23,901.01,113.37,12.24,17.39,41.02,48.17,70.21,0,4.32,0,0,0,0,2.99,5.86,174.09,2022.72,95.67,0,0,0,0,0,0
1.63,265.58,141.46,1117.66,213.67,205.53,13.09,56.16,41.63,11.45,8.98,134223.5,7.6,10.78,17.72,9.51,62.42,26.58,115.26,13.06,134.18,12.06,49.22,53.37,13.43,177.78,74.84,18.89,23.82,50.38,27.97,99.44,275.5,21.8,446,79.62,138.53,41.1,12595.7,177.26,1255.13,346.85,64.1,37.86,159.39,411.28,854.18,21.75,83.01,6.1,25.73,107.28,4289.3,789.6,1617.51,654.77,27.76,23.91,182.22,665.23,31.79,174.03,31.66,185.2,172.52,52.84,742.13,40.62,1340.87,155.34,317.98,1.26,1.49,3.3,105.66,24.46,22.14,154.77,1054.62,10.51,1438.72,3875.66,1031.44,9.55,43.83,11.61,2.25,28.73,0.93,38.67,13.56,72.3,26.75,151.53,8.8,25.22,24.03,71.26,572.82,1024.94,1828.56,788.98,2612.21,70.09,206.85,511.43,9.57,1695.69,1.9,122.39,107.71,43.91,1778.5,77.91,1546.33,254.58,34716.02,210.98,3.47,6.63,64.69,83.11,18.13
514.22,10996.56,7975.96,6986.3,2.67,14.89,1.79,25.55,2.49,1.71,5.49,11049.47,0.55,0.78,1.79,4.91,2.1,5.35,2.83,6.74,6.29,2.05,25.36,3.87,3.71,6.52,5.36,1.17,1.73,2.88,1.33,13.42,10.67,1.51,301.48,5.76,2.51,2.72,53.32,418.72,67.72,4.88,1.25,1.27,25.29,8.76,7.23,3.53,17.29,94.63,279.1,965.82,1071.69,14.25,28.48,7.42,0.9,2302.83,1861.98,1233.35,12.99,131.95,81.71,1944.94,7.97,8.6,179.22,7.42,920.87,155.72,2592.6,38.2,9.15,167.93,2689.48,0.41,7.96,6.78,335.03,9.18,1183.33,326.97,65.47,2,2.45,5.04,1.23,4.4,0.51,45.88,6.23,4.94,2.02,11.43,0.61,1.73,1.64,3.46,6.74,25.8,8.48,7.99,2962.3,2.52,3.05,19.56,140.22,4366.76,22.15,57.92,6.99,2.86,624.06,103.26,422.98,94.21,535.51,46868.64,2640.74,1369.72,4.09,8.76,1.15
1831.14,3927.91,5.41,302.15,8.47,0.01,0,0.2,0,0,1.73,1749.59,0,0,0,0.27,0,0,0.07,0,0,0.33,0.55,0,0,0.07,0.47,0,0,0,0,0,3.47,0,0,0.14,0,0,399.74,0.07,16.7,0,0,0,0,0,0,0,0.34,0,0,0,4.07,388.14,46.34,3.87,0.13,298.01,183.59,8.53,0.8,20.01,0.07,1.07,0.33,0.07,98.41,0.53,3.07,0.73,14.54,0,0,40.87,0,0,0.8,0.4,0.16,0,46.41,1277.54,3.01,0.13,0.13,0,0,0,0,0.14,0,0,0,0.01,0,0,0.87,0.73,0.27,34.34,20.87,5.94,1451.56,0.53,0,0.87,0.6,7.09,0.07,260.06,0,0,4.61,0.27,1.34,0.27,526.74,2171.26,1392.08,516.98,0,0,0
47.76,0.73,615.63,200.87,212,0,0,0,0,0,0,17621.98,0,0,0,0,0,0,206.27,0,0,0,0,0,0,0,0,0,0,0,96.73,135.13,0,0,621.47,0,0,0,546.36,0,0,0,0,0,0,0,0,0,0,0,0,12639.93,0,2.2,0,0,0,612.35,0,0,0,0,0,0,127.8,1.45,0,0,0,134.07,0,0,0,0,7521.87,0,0,0,740.7,0,0,899.67,0,0,0,0,0,0,0,159.38,0,0,0,0,0,0,0,0,0,0,0,275.2,4245.87,0,0,0,0,1469.2,18.53,2.45,0,0,0,0,0,0,0,8.48,0,376.43,0,0,0
23,339.87,107.67,0,0,5304.07,0,0,1005.93,0,0,3.07,305.4,430.73,984,0,0,806.73,0,0,3.58,3.73,0,0,0,0,1279.2,645.87,952.53,0,0,0,0,0,0,0,1384.27,1496.6,17.64,0,0,0,19.2,0,0,6.17,0,0,0,0,0,0,26,0,0,0,0,0,0,0,0,0,29.47,55.67,0,0,0,0,0,0,0,20.53,0,0,142.8,0,0,0,0,0,16.67,0,10.73,1143.73,5478.8,1999.33,486.93,1755.87,0,36.93,75.27,2609.6,1064.58,0,320.47,920.69,860.73,0,0,0,0,0,0,0,0,0,0,622.33,23.93,5966.04,5265.36,2089.31,0,0,6.33,0,10.8,276.33,41.53,4.73,6988.66,3973.11,981.26
0.09,1.77,0.56,0.93,4.99,96.31,3.29,49.88,3.36,1.12,0.19,1828.79,1,47.96,0.09,10.15,3.89,0.09,5.97,0.47,15.22,0.09,2.05,0.28,7.11,12.33,5.04,2.25,0.09,21.96,2.66,0.09,669.28,2.83,1.36,4.76,10.67,0.19,832.73,1.21,37.16,0.37,0.09,0.09,3.96,3.56,1.59,6.68,3.55,0.09,0.19,0.65,1.12,2.05,1.21,0.47,0,9.29,0.93,0.28,0.28,1.49,0.09,0.28,0.09,0.09,1.96,0.19,1.03,0.19,3.45,0.09,0,0.19,0.75,4.2,38.46,236.98,29.04,0.75,1.31,9.89,0.93,19.03,439.75,0.37,2.29,0.28,0,2.05,1.1,0.37,16.27,1.03,0,7.43,0.09,0.28,5.32,5.88,1.68,0.75,317.27,0.47,359.29,24.96,0.65,7.94,0.09,1654.48,201.25,42.9,1.49,0.09,0.47,0.09,0.56,40.24,0.19,0.19,787.68,3012.1,564.31
0.01,0.12,10.7,0.07,0.03,10.66,0.02,0.04,0.02,0.02,0.03,9.49,4.96,37.16,0.02,0.05,0.02,0.01,0.03,0.07,0.06,0.02,0.25,0.04,0.04,0.06,0.05,0.01,0.02,0.03,0.01,0.02,0.06,0.01,0.03,0.06,31.32,0.03,2.99,0.06,0.53,0.04,0.01,0.01,0.02,17.7,0.06,0.03,0.09,0.01,0.01,0.04,0.08,0.08,0.04,0.03,0.01,0.02,0.06,0.02,0.01,0.07,0.01,0.01,0.01,0.01,0.11,0.01,0.06,0.02,0.09,0.01,0.01,0.02,0.06,0,0.05,0.04,0.3,0.05,0.07,0.05,0.04,20.72,0.06,0.05,5.43,0.04,0,0.14,2.61,6.23,0.01,0.08,0,2.8,2.87,0.02,0.04,0.15,0.06,0.05,0.31,0.02,0.02,0.06,0.05,0.22,0.01,633.15,336.44,42.94,0.11,0.01,0.03,0.01,0.04,0.1,0.02,0.02,440.04,404.03,737.15
