<?xml version="1.0" encoding="ISO-8859-1"?>
<index version="1.0"><indexitem target="topics/annotated.html">Class List
    
  </indexitem><indexitem target="topics/functions.html">Class Members
    
  </indexitem><indexitem target="topics/classCplex.html">Cplex
    
  </indexitem><indexitem target="topics/cplexbilp-m.html">cplexbilp
    
  </indexitem><indexitem target="topics/cplexlp-m.html">cplexlp
    
  </indexitem><indexitem target="topics/cplexlsqbilp-m.html">cplexlsqbilp
    
  </indexitem><indexitem target="topics/cplexlsqlin-m.html">cplexlsqlin
    
  </indexitem><indexitem target="topics/cplexlsqmilp-m.html">cplexlsqmilp
    
  </indexitem><indexitem target="topics/cplexlsqmiqcp-m.html">cplexlsqmiqcp
    
  </indexitem><indexitem target="topics/cplexlsqnonneglin-m.html">cplexlsqnonneglin
    
  </indexitem><indexitem target="topics/cplexlsqnonnegmilp-m.html">cplexlsqnonnegmilp
    
  </indexitem><indexitem target="topics/cplexlsqnonnegmiqcp-m.html">cplexlsqnonnegmiqcp
    
  </indexitem><indexitem target="topics/cplexlsqnonnegqcp-m.html">cplexlsqnonnegqcp
    
  </indexitem><indexitem target="topics/cplexlsqqcp-m.html">cplexlsqqcp
    
  </indexitem><indexitem target="topics/cplexmilp-m.html">cplexmilp
    
  </indexitem><indexitem target="topics/cplexmiqcp-m.html">cplexmiqcp
    
  </indexitem><indexitem target="topics/cplexmiqp-m.html">cplexmiqp
    
  </indexitem><indexitem target="topics/cplexoptimget-m.html">cplexoptimget
    
  </indexitem><indexitem target="topics/cplexoptimset-m.html">cplexoptimset
    
  </indexitem><indexitem target="topics/cplexqcp-m.html">cplexqcp
    
  </indexitem><indexitem target="topics/cplexqp-m.html">cplexqp
    
  </indexitem><indexitem target="topics/classCpxInfo.html">CpxInfo
    
  </indexitem><indexitem target="topics/gs_use.html#rIb3nLLD">MATLAB toolbox
    
  </indexitem><indexitem target="topics/main.html">Overview
    
  </indexitem><indexitem target="topics/files.html">Toolbox functions
    
  </indexitem></index>