<?xml version="1.0" encoding="ISO-8859-1"?>
<?NLS TYPE="org.eclipse.help.toc"?><!--� Copyright IBM Corporation 2017--><toc version="1.0"><tocitem target="topics/cplex_matlab_overview.html">IBM ILOG CPLEX for MATLAB
   <criteria name="prodname" value="ilog.cos.cplex.matlab.doc"/>
   <criteria name="version" value="7"/>
   <tocitem image="$toolbox/matlab/icons/notesicon.gif" target="topics/legal_terms.html">Legal terms
      <tocitem target="topics/booknotices.html">Notices</tocitem>
   </tocitem>
   <tocitem image="$toolbox/matlab/icons/greencircleicon.gif" target="topics/gs.html">Getting started with CPLEX for MATLAB
      <tocitem target="topics/gs_intro.html">Introduction</tocitem>
      <tocitem target="topics/gs_install.html">Setting up CPLEX for MATLAB</tocitem>
      <tocitem target="topics/gs_integrate.html">Integration with MATLAB</tocitem>
      <tocitem target="topics/gs_use.html">Using CPLEX for MATLAB</tocitem>
      <tocitem target="topics/gs_ov.html">Overview of the CPLEX for MATLAB APIs
         <tocitem target="topics/gs_ov_toolbox.html">CPLEX for MATLAB Toolbox</tocitem>
         <tocitem target="topics/gs_ov_cplexclass.html">Cplex Class API</tocitem>
      </tocitem>
      <tocitem target="topics/gs_tips.html">Programming tips</tocitem>
      <tocitem target="topics/gs_param.html">Using parameters</tocitem>
   </tocitem>
   <tocitem image="$toolbox/matlab/icons/demoicon.gif" target="topics/examples.html">Examples
      <tocitem target="topics/examples_toolbox.html">Examples of the CPLEX for MATLAB Toolbox
         <tocitem target="topics/example_runtoolboxexamples.html">Example: runtoolboxexamples.m</tocitem>
         <tocitem target="topics/example_cplexbilpex.html">Example: cplexbilpex.m</tocitem>
         <tocitem target="topics/example_cplexlpex.html">Example: cplexlpex.m</tocitem>
         <tocitem target="topics/example_cplexlsqbilpex.html">Example: cplexlsqbilpex.m</tocitem>
         <tocitem target="topics/example_cplexlsqlinex.html">Example: cplexlsqlinex.m</tocitem>
         <tocitem target="topics/example_cplexlsqmilpex.html">Example: cplexlsqmilpex.m</tocitem>
         <tocitem target="topics/example_cplexlsqmiqcpex.html">Example: cplexlsqmiqcpex.m</tocitem>
         <tocitem target="topics/example_cplexlsqnonneglinex.html">Example: cplexlsqnonneglinex.m</tocitem>
         <tocitem target="topics/example_cplexlsqnonnegmilpex.html">Example: cplexlsqnonnegmilpex.m</tocitem>
         <tocitem target="topics/example_cplexlsqnonnegmiqcpex.html">Example: cplexlsqnonnegmiqcpex.m</tocitem>
         <tocitem target="topics/example_cplexlsqnonnegqcp.html">Example: cplexlsqnonnegqcpex.m</tocitem>
         <tocitem target="topics/example_cplexlsqqcp.html">Example: cplexlsqqcpex.m</tocitem>
         <tocitem target="topics/example_cplexmilpex.html">Example: cplexmilpex.m</tocitem>
         <tocitem target="topics/example_cplexmiqpex.html">Example: cplexmiqpex.m</tocitem>
         <tocitem target="topics/example_cplexqcpex.html">Example: cplexqcpex.m</tocitem>
         <tocitem target="topics/example_cplexqpex.html">Example: cplexqpex.m</tocitem>
      </tocitem>
      <tocitem target="topics/examples_cplex.html">Examples of the Cplex Class API
         <tocitem target="topics/example_runclassexamples.html">Example: runclassexamples.m</tocitem>
         <tocitem target="topics/example_blend.html">Example: blend.m</tocitem>
         <tocitem target="topics/example_cutstock.html">Example: cutstock.m</tocitem>
         <tocitem target="topics/example_diet.html">Example: diet.m</tocitem>
         <tocitem target="topics/example_facility.html">Example: facility.m</tocitem>
         <tocitem target="topics/example_fixcost1.html">Example: fixcost1.m</tocitem>
         <tocitem target="topics/example_gloalqpex1.html">Example: gloalqpex1.m</tocitem>
         <tocitem target="topics/example_indefqpex1.html">Example: indefqpex1.m</tocitem>
         <tocitem target="topics/example_inout1.html">Example: inout1.m</tocitem>
         <tocitem target="topics/example_inout3.html">Example: inout3.m</tocitem>
         <tocitem target="topics/example_lpex1.html">Example: lpex1.m</tocitem>
         <tocitem target="topics/example_lpex2.html">Example: lpex2.m</tocitem>
         <tocitem target="topics/example_lpex3.html">Example: lpex3.m</tocitem>
         <tocitem target="topics/example_lpex6.html">Example: lpex6.m</tocitem>
         <tocitem target="topics/example_lpex7.html">Example: lpex7.m</tocitem>
         <tocitem target="topics/example_mipex1.html">Example: mipex1.m</tocitem>
         <tocitem target="topics/example_mipex2.html">Example: mipex2.m</tocitem>
         <tocitem target="topics/example_mipex3.html">Example: mipex3.m</tocitem>
         <tocitem target="topics/example_mipex4.html">Example: mipex4.m</tocitem>
         <tocitem target="topics/example_miqpex1.html">Example: miqpex1.m</tocitem>
         <tocitem target="topics/example_populate.html">Example: populate.m</tocitem>
         <tocitem target="topics/example_qcpex1.html">Example: qcpex1.m</tocitem>
         <tocitem target="topics/example_qpex1.html">Example: qpex1.m</tocitem>
         <tocitem target="topics/example_qpex2.html">Example: qpex2.m</tocitem>
         <tocitem target="topics/example_rates.html">Example: rates.m</tocitem>
         <tocitem target="topics/example_steel.html">Example: steel.m</tocitem>
      </tocitem>
      <tocitem target="topics/example_cplexgui.html">Example: cplexgui.m</tocitem>
      <tocitem target="topics/example_cplexplot.html">Example: cplexplot.m</tocitem>
   </tocitem>
   
<tocitem image="$toolbox/matlab/icons/reficon.gif" target="topics/main.html">Function Reference
  <tocitem target="topics/main.html">Overview</tocitem>
  <tocitem target="topics/annotated.html">Class List
    <tocitem target="topics/classCplex.html">Cplex</tocitem>
    <tocitem target="topics/classCpxInfo.html">CpxInfo</tocitem>
  </tocitem>
  <tocitem target="topics/functions.html">Class Members</tocitem>
  <tocitem target="topics/files.html">Toolbox functions
    <tocitem target="topics/cplexbilp-m.html">cplexbilp</tocitem>
    <tocitem target="topics/cplexlp-m.html">cplexlp</tocitem>
    <tocitem target="topics/cplexlsqbilp-m.html">cplexlsqbilp</tocitem>
    <tocitem target="topics/cplexlsqlin-m.html">cplexlsqlin</tocitem>
    <tocitem target="topics/cplexlsqmilp-m.html">cplexlsqmilp</tocitem>
    <tocitem target="topics/cplexlsqmiqcp-m.html">cplexlsqmiqcp</tocitem>
    <tocitem target="topics/cplexlsqnonneglin-m.html">cplexlsqnonneglin</tocitem>
    <tocitem target="topics/cplexlsqnonnegmilp-m.html">cplexlsqnonnegmilp</tocitem>
    <tocitem target="topics/cplexlsqnonnegmiqcp-m.html">cplexlsqnonnegmiqcp</tocitem>
    <tocitem target="topics/cplexlsqnonnegqcp-m.html">cplexlsqnonnegqcp</tocitem>
    <tocitem target="topics/cplexlsqqcp-m.html">cplexlsqqcp</tocitem>
    <tocitem target="topics/cplexmilp-m.html">cplexmilp</tocitem>
    <tocitem target="topics/cplexmiqcp-m.html">cplexmiqcp</tocitem>
    <tocitem target="topics/cplexmiqp-m.html">cplexmiqp</tocitem>
    <tocitem target="topics/cplexoptimget-m.html">cplexoptimget</tocitem>
    <tocitem target="topics/cplexoptimset-m.html">cplexoptimset</tocitem>
    <tocitem target="topics/cplexqcp-m.html">cplexqcp</tocitem>
    <tocitem target="topics/cplexqp-m.html">cplexqp</tocitem>
  </tocitem>
</tocitem><tocitem image="$toolbox/matlab/icons/webicon.gif" target="http://www-01.ibm.com/software/integration/optimization/cplex-optimization-studio/">IBM ILOG CPLEX Optimization Studio Web Site</tocitem></tocitem></toc>